ranker,name_display,age,team_name_abbr,pos,games,games_started,mp,fg_pct,avg_dist,pct_fga_fg2a,pct_fga_00_03,pct_fga_03_10,pct_fga_10_16,pct_fga_16_xx,pct_fga_fg3a,fg_pct_fg2a,fg_pct_00_03,fg_pct_03_10,fg_pct_10_16,fg_pct_16_xx,fg_pct_fg3a,pct_ast_fg2,pct_ast_fg3,pct_fga_dunk,fg_dunk,pct_fg3a_corner3,fg_pct_corner3,fg3a_heave,fg3_heave,awards
1,James Harden,26.0,HOU,SG,82,82,3125.0,0.439,14.4,0.594,0.246,0.124,0.105,0.12,0.406,.494,.650,.328,.426,.402,.359,0.181,0.521,0.011,16,0.094,.274,0,0,"MVP-9,AS"
2,Gordon Hayward,25.0,UTA,SF,80,80,2893.0,0.433,13.6,0.659,0.209,0.182,0.128,0.14,0.341,.477,.622,.438,.409,.375,.349,0.32,0.797,0.051,52,0.234,.385,2,0,
3,Kemba Walker,25.0,CHO,PG,81,81,2885.0,0.427,14.8,0.632,0.25,0.092,0.091,0.2,0.368,.459,.598,.336,.380,.376,.371,0.189,0.599,0.0,0,0.106,.404,4,1,
4,Trevor Ariza,30.0,HOU,SF,81,81,2859.0,0.416,16.2,0.419,0.255,0.054,0.035,0.077,0.581,.478,.594,.283,.267,.318,.371,0.599,0.914,0.068,55,0.415,.430,1,0,DPOY-13
5,Marcus Morris,26.0,DET,SF,80,80,2856.0,0.434,15.0,0.685,0.158,0.106,0.213,0.211,0.315,.467,.671,.340,.383,.457,.362,0.348,0.926,0.016,15,0.285,.329,2,0,
6,Khris Middleton,24.0,MIL,SG,79,79,2852.0,0.444,15.2,0.684,0.146,0.123,0.189,0.226,0.316,.466,.635,.397,.440,.415,.396,0.415,0.888,0.02,22,0.224,.432,2,0,
7,Kyle Lowry,29.0,TOR,PG,77,77,2851.0,0.427,15.6,0.543,0.216,0.141,0.07,0.117,0.457,.461,.602,.355,.357,.386,.388,0.17,0.684,0.0,0,0.101,.491,2,1,"MVP-10,DPOY-13,AS,NBA3"
8,Andrew Wiggins,20.0,MIN,SF,81,81,2845.0,0.459,10.9,0.853,0.321,0.158,0.132,0.243,0.147,.486,.648,.456,.386,.347,.300,0.51,0.825,0.07,84,0.158,.400,1,0,
9,Giannis Antetokounmpo,21.0,MIL,PG,80,79,2823.0,0.506,7.5,0.892,0.509,0.18,0.058,0.143,0.108,.537,.684,.346,.288,.359,.257,0.485,0.821,0.143,141,0.321,.343,4,0,
10,Paul George,25.0,IND,SF,81,81,2819.0,0.418,16.2,0.609,0.168,0.081,0.118,0.242,0.391,.447,.602,.415,.351,.397,.371,0.319,0.71,0.024,32,0.239,.415,0,0,"AS,NBA3,DEF2"
11,Draymond Green,25.0,GSW,PF,81,81,2808.0,0.49,10.0,0.685,0.488,0.144,0.023,0.029,0.315,.537,.618,.339,.368,.292,.388,0.618,0.96,0.061,47,0.093,.417,1,0,"MVP-7,DPOY-2,AS,NBA2,DEF1"
12,DeMar DeRozan,26.0,TOR,SG,78,78,2804.0,0.446,11.2,0.899,0.226,0.213,0.214,0.247,0.101,.458,.630,.433,.415,.359,.338,0.252,0.83,0.029,36,0.424,.441,3,0,AS
13,Kentavious Caldwell-Pope,22.0,DET,SG,76,76,2789.0,0.42,14.8,0.616,0.228,0.116,0.107,0.166,0.384,.489,.639,.333,.476,.396,.309,0.481,0.842,0.027,23,0.266,.378,5,0,
14,John Wall,25.0,WAS,PG,77,77,2784.0,0.424,13.7,0.757,0.29,0.064,0.094,0.31,0.243,.448,.598,.302,.370,.359,.351,0.188,0.67,0.032,40,0.116,.368,2,0,AS
15,CJ McCollum,24.0,POR,SG,80,80,2780.0,0.448,14.7,0.67,0.174,0.149,0.147,0.201,0.33,.463,.522,.408,.476,.443,.417,0.203,0.721,0.008,10,0.214,.436,0,0,MIP-1
16,Russell Westbrook,27.0,OKC,PG,80,80,2750.0,0.454,10.9,0.764,0.377,0.11,0.171,0.106,0.236,.503,.596,.409,.429,.392,.296,0.177,0.426,0.054,69,0.1,.265,1,0,"MVP-4,AS,NBA1"
17,Monta Ellis,30.0,IND,SG,81,81,2734.0,0.427,14.4,0.724,0.236,0.088,0.109,0.292,0.276,.472,.593,.478,.441,.383,.309,0.221,0.724,0.006,6,0.287,.383,5,0,
18,LeBron James,31.0,CLE,SF,76,76,2709.0,0.52,9.6,0.801,0.459,0.119,0.093,0.129,0.199,.573,.722,.361,.348,.404,.309,0.378,0.598,0.083,111,0.117,.273,0,0,"MVP-3,DPOY-11,AS,NBA1"
19,Joe Johnson,34.0,2TM,SF,81,81,2703.0,0.439,15.1,0.636,0.075,0.246,0.156,0.159,0.364,.471,.594,.474,.507,.372,.383,0.206,0.892,0.0,0,0.339,.415,3,0,
19,Joe Johnson,34.0,BRK,SF,57,57,1934.0,0.406,16.0,0.623,0.063,0.232,0.156,0.173,0.377,.427,.579,.426,.474,.333,.371,0.241,0.906,0.0,0,0.279,.422,2,0,
19,Joe Johnson,34.0,MIA,SF,24,24,769.0,0.518,14.2,0.665,0.104,0.279,0.155,0.127,0.335,.569,.615,.571,.590,.500,.417,0.147,0.857,0.0,0,0.5,.405,1,0,
20,Stephen Curry,27.0,GSW,PG,79,79,2700.0,0.504,17.4,0.446,0.225,0.084,0.048,0.088,0.554,.566,.696,.422,.447,.443,.454,0.372,0.547,0.004,7,0.129,.482,11,2,"MVP-1,AS,NBA1"
21,Damian Lillard,25.0,POR,PG,75,75,2676.0,0.419,15.0,0.586,0.26,0.11,0.072,0.145,0.414,.450,.546,.315,.368,.423,.375,0.203,0.472,0.009,11,0.056,.382,3,0,"MVP-8,NBA2"
22,Andre Drummond,22.0,DET,C,81,81,2666.0,0.521,3.1,0.994,0.592,0.358,0.042,0.004,0.006,.522,.612,.409,.227,.250,.333,0.533,0.0,0.125,115,0.0,,4,1,"DPOY-10,AS,NBA3"
23,Klay Thompson,25.0,GSW,SG,80,80,2666.0,0.47,16.5,0.531,0.182,0.082,0.131,0.138,0.469,.510,.687,.336,.423,.455,.425,0.725,0.92,0.013,15,0.246,.419,4,0,"AS,NBA3"
24,Paul Millsap,30.0,ATL,PF,81,81,2647.0,0.47,9.9,0.782,0.363,0.205,0.131,0.084,0.218,.512,.630,.385,.464,.378,.319,0.644,0.973,0.046,40,0.181,.190,1,0,"DPOY-5,AS,DEF2"
25,Isaiah Thomas,26.0,BOS,PG,82,79,2644.0,0.428,12.2,0.664,0.34,0.135,0.104,0.084,0.336,.462,.581,.289,.382,.362,.359,0.337,0.647,0.0,0,0.142,.470,0,0,AS
26,Wesley Matthews,29.0,DAL,SF,78,78,2644.0,0.388,18.5,0.385,0.105,0.093,0.081,0.107,0.615,.432,.500,.342,.406,.462,.360,0.415,0.884,0.002,2,0.288,.424,0,0,
27,Al Horford,29.0,ATL,C,82,82,2631.0,0.505,12.3,0.756,0.3,0.136,0.089,0.231,0.244,.557,.745,.385,.355,.492,.344,0.776,1.0,0.084,84,0.227,.259,0,0,"DPOY-13,AS"
28,Karl-Anthony Towns,20.0,MIN,C,82,82,2627.0,0.542,9.8,0.924,0.342,0.211,0.091,0.279,0.076,.559,.701,.465,.410,.506,.341,0.667,0.9,0.069,72,0.102,.222,1,0,ROY-1
29,DeAndre Jordan,27.0,LAC,C,77,77,2598.0,0.703,1.2,0.998,0.839,0.154,0.006,0.0,0.002,.704,.765,.385,.333,,.000,0.782,0.0,0.488,227,0.0,,0,0,"DPOY-4,NBA1,DEF1"
30,Kevin Durant,27.0,OKC,SF,72,72,2578.0,0.505,14.6,0.652,0.212,0.098,0.182,0.161,0.348,.569,.737,.437,.542,.455,.387,0.518,0.64,0.081,106,0.037,.389,0,0,"MVP-5,AS,NBA2"
31,Evan Fournier,23.0,ORL,SF,79,71,2566.0,0.462,14.1,0.58,0.3,0.125,0.053,0.103,0.42,.506,.634,.405,.388,.313,.400,0.473,0.865,0.011,9,0.2,.397,4,0,
32,Jordan Clarkson,23.0,LAL,SG,79,79,2552.0,0.433,12.6,0.709,0.261,0.195,0.106,0.149,0.291,.468,.540,.477,.379,.384,.347,0.305,0.757,0.026,23,0.191,.295,2,0,
33,Rodney Hood,23.0,UTA,SG,79,79,2541.0,0.42,16.0,0.538,0.111,0.2,0.13,0.098,0.462,.472,.611,.448,.421,.432,.359,0.206,0.752,0.012,10,0.218,.367,2,0,
34,P.J. Tucker,30.0,PHO,SF,82,80,2540.0,0.411,11.4,0.646,0.368,0.172,0.029,0.077,0.354,.455,.533,.350,.412,.333,.330,0.357,0.971,0.012,6,0.699,.340,1,0,
35,Rajon Rondo,29.0,SAC,PG,72,72,2537.0,0.454,10.9,0.783,0.344,0.207,0.046,0.185,0.217,.479,.639,.377,.306,.338,.365,0.191,0.71,0.008,5,0.341,.448,2,0,
36,Avery Bradley,25.0,BOS,SG,76,72,2536.0,0.447,16.4,0.601,0.216,0.034,0.042,0.309,0.399,.505,.718,.400,.349,.387,.361,0.647,0.912,0.025,25,0.329,.313,0,0,"DPOY-6,DEF1"
37,Carmelo Anthony,31.0,NYK,SF,72,72,2530.0,0.434,14.0,0.763,0.213,0.087,0.208,0.255,0.237,.463,.540,.404,.423,.453,.339,0.273,0.743,0.018,19,0.103,.375,1,0,AS
38,George Hill,29.0,IND,PG,74,73,2524.0,0.441,15.3,0.575,0.222,0.099,0.103,0.153,0.425,.466,.622,.397,.342,.363,.408,0.338,0.82,0.016,12,0.379,.445,0,0,
39,Tobias Harris,23.0,2TM,PF,76,74,2513.0,0.469,10.5,0.731,0.375,0.187,0.076,0.094,0.269,.518,.631,.410,.353,.417,.335,0.561,0.938,0.057,49,0.351,.310,0,0,
39,Tobias Harris,23.0,ORL,PF,49,49,1610.0,0.464,10.4,0.721,0.403,0.165,0.061,0.092,0.279,.523,.624,.427,.242,.440,.311,0.588,0.915,0.085,45,0.397,.300,0,0,
39,Tobias Harris,23.0,DET,PF,27,25,903.0,0.477,10.7,0.747,0.33,0.221,0.101,0.098,0.253,.512,.643,.390,.457,.382,.375,0.519,0.97,0.014,4,0.273,.333,0,0,
40,Serge Ibaka,26.0,OKC,PF,78,78,2500.0,0.479,13.6,0.788,0.196,0.129,0.123,0.341,0.212,.520,.671,.500,.486,.453,.326,0.837,0.983,0.075,61,0.527,.351,0,0,
41,Jimmy Butler,26.0,CHI,SG,67,67,2474.0,0.454,12.0,0.802,0.313,0.12,0.131,0.236,0.198,.489,.673,.363,.360,.385,.312,0.441,0.719,0.071,69,0.176,.361,6,1,"DPOY-11,AS,DEF2"
42,Brook Lopez,27.0,BRK,C,73,73,2457.0,0.511,7.8,0.988,0.324,0.323,0.189,0.152,0.012,.515,.637,.476,.452,.415,.143,0.591,1.0,0.05,53,0.214,.000,0,0,
43,Nicolas Batum,27.0,CHO,SF,70,70,2448.0,0.426,17.2,0.543,0.151,0.055,0.12,0.215,0.457,.492,.697,.396,.438,.404,.348,0.429,0.784,0.025,21,0.108,.372,1,0,
44,Gary Harris,21.0,DEN,SG,76,76,2439.0,0.469,13.1,0.612,0.358,0.08,0.075,0.099,0.388,.543,.613,.410,.456,.461,.354,0.622,0.943,0.058,41,0.343,.343,1,0,
45,Reggie Jackson,25.0,DET,PG,79,79,2424.0,0.434,11.9,0.732,0.28,0.219,0.122,0.109,0.268,.464,.575,.381,.480,.331,.353,0.064,0.415,0.011,13,0.117,.385,2,0,
46,Kevin Love,27.0,CLE,PF,77,77,2424.0,0.419,15.2,0.551,0.173,0.19,0.084,0.104,0.449,.467,.550,.452,.341,.451,.360,0.602,0.987,0.023,20,0.303,.398,0,0,
47,Chris Paul,30.0,LAC,PG,74,74,2420.0,0.462,15.8,0.705,0.121,0.121,0.184,0.278,0.295,.501,.615,.504,.527,.432,.371,0.115,0.336,0.002,2,0.116,.342,1,0,"MVP-6,DPOY-13,AS,NBA2,DEF1"
48,Jabari Parker,20.0,MIL,PF,76,72,2408.0,0.493,7.7,0.961,0.461,0.15,0.14,0.21,0.039,.502,.657,.356,.397,.339,.257,0.719,0.778,0.154,129,0.514,.278,0,0,
49,Thaddeus Young,27.0,BRK,PF,73,73,2407.0,0.514,6.6,0.969,0.388,0.388,0.053,0.139,0.031,.523,.612,.497,.333,.418,.233,0.559,0.714,0.03,27,0.3,.111,2,0,
50,Kyle Korver,34.0,ATL,SG,80,80,2401.0,0.435,20.7,0.356,0.058,0.021,0.054,0.222,0.644,.502,.639,.308,.576,.467,.398,0.864,0.975,0.002,1,0.224,.449,0,0,
51,Luol Deng,30.0,MIA,PF,74,73,2394.0,0.455,13.0,0.656,0.305,0.136,0.059,0.16,0.344,.513,.670,.446,.205,.378,.344,0.622,1.0,0.035,26,0.539,.362,1,0,
52,Kawhi Leonard,24.0,SAS,SF,72,72,2380.0,0.506,13.3,0.733,0.207,0.148,0.201,0.178,0.267,.528,.730,.472,.498,.376,.443,0.45,0.86,0.061,64,0.22,.484,0,0,"MVP-2,DPOY-1,AS,NBA1,DEF1"
53,Victor Oladipo,23.0,ORL,SG,72,52,2379.0,0.438,13.5,0.709,0.298,0.082,0.1,0.23,0.291,.475,.574,.313,.402,.435,.348,0.388,0.806,0.042,33,0.262,.405,4,0,
54,Rudy Gay,29.0,SAC,SF,70,70,2379.0,0.463,11.1,0.786,0.267,0.248,0.135,0.136,0.214,.495,.651,.384,.471,.416,.344,0.528,0.824,0.088,78,0.279,.400,1,0,
55,Arron Afflalo,30.0,NYK,SG,71,57,2371.0,0.443,14.8,0.702,0.115,0.178,0.193,0.217,0.298,.469,.609,.458,.455,.416,.382,0.49,0.912,0.003,2,0.424,.446,0,0,
56,Dirk Nowitzki,37.0,DAL,PF,75,75,2364.0,0.448,16.6,0.692,0.075,0.068,0.261,0.289,0.308,.483,.735,.329,.476,.461,.368,0.632,0.984,0.004,5,0.102,.314,0,0,
57,Goran Dragić,29.0,MIA,PG,72,72,2363.0,0.477,11.3,0.766,0.328,0.142,0.169,0.127,0.234,.527,.666,.387,.426,.459,.312,0.252,0.75,0.001,1,0.244,.260,0,0,
58,J.R. Smith,30.0,CLE,SG,77,77,2362.0,0.415,19.1,0.4,0.081,0.109,0.073,0.135,0.6,.438,.623,.398,.387,.391,.400,0.43,0.926,0.013,11,0.241,.390,1,0,
59,Will Barton,25.0,DEN,SG,82,1,2353.0,0.432,12.6,0.669,0.297,0.181,0.091,0.103,0.331,.476,.599,.399,.393,.327,.345,0.387,0.795,0.048,46,0.138,.333,5,0,6MOY-4
60,Al-Farouq Aminu,25.0,POR,SF,82,82,2341.0,0.416,14.9,0.515,0.252,0.121,0.047,0.095,0.485,.468,.597,.299,.382,.382,.361,0.595,0.921,0.061,42,0.41,.392,1,0,
61,Marvin Williams,29.0,CHO,PF,81,81,2338.0,0.452,16.0,0.494,0.214,0.124,0.048,0.106,0.506,.504,.538,.527,.556,.392,.402,0.591,0.993,0.02,12,0.27,.461,1,0,
62,Courtney Lee,30.0,2TM,SG,79,65,2334.0,0.454,15.2,0.66,0.191,0.091,0.136,0.243,0.34,.493,.607,.466,.414,.458,.378,0.606,1.0,0.006,3,0.369,.325,1,0,
62,Courtney Lee,30.0,MEM,SG,51,37,1489.0,0.458,15.0,0.671,0.172,0.105,0.153,0.241,0.329,.502,.597,.568,.406,.465,.370,0.631,1.0,0.01,3,0.399,.255,0,0,
62,Courtney Lee,30.0,CHO,SG,28,28,845.0,0.445,15.5,0.641,0.227,0.064,0.105,0.245,0.359,.475,.620,.143,.435,.444,.392,0.552,1.0,0.0,0,0.316,.480,1,0,
63,Ricky Rubio,25.0,MIN,PG,76,76,2323.0,0.374,15.8,0.676,0.205,0.053,0.082,0.336,0.324,.396,.517,.258,.229,.386,.326,0.268,0.903,0.0,0,0.195,.432,1,0,
64,Greg Monroe,25.0,MIL,C,79,67,2314.0,0.522,4.1,0.999,0.542,0.324,0.067,0.065,0.001,.522,.596,.446,.429,.393,.000,0.57,0.0,0.021,19,0.0,,0,0,
65,Jae Crowder,25.0,BOS,SF,73,73,2308.0,0.443,15.1,0.554,0.274,0.075,0.064,0.139,0.446,.529,.704,.246,.346,.416,.336,0.756,0.943,0.023,19,0.226,.329,1,0,DPOY-13
66,Zach LaVine,20.0,MIN,SG,82,33,2294.0,0.452,14.3,0.67,0.277,0.09,0.055,0.249,0.33,.482,.677,.349,.302,.351,.389,0.416,0.732,0.059,52,0.149,.468,0,0,6MOY-14
67,Pau Gasol,35.0,CHI,C,72,72,2291.0,0.469,11.1,0.931,0.245,0.192,0.167,0.327,0.069,.478,.566,.435,.452,.452,.348,0.668,0.958,0.025,24,0.362,.320,0,0,AS
68,Julius Randle,21.0,LAL,PF,81,60,2286.0,0.429,6.7,0.957,0.474,0.248,0.079,0.156,0.043,.436,.568,.362,.227,.254,.278,0.451,0.7,0.077,60,0.111,.000,0,0,
69,Dwight Howard,30.0,HOU,C,71,71,2280.0,0.62,2.6,0.99,0.658,0.322,0.008,0.003,0.01,.626,.752,.378,.400,.000,.000,0.71,0.0,0.318,176,0.0,,2,0,
70,Otto Porter Jr.,22.0,WAS,SF,75,73,2276.0,0.473,15.2,0.628,0.244,0.077,0.084,0.225,0.372,.536,.674,.364,.450,.472,.367,0.68,0.969,0.028,18,0.36,.385,2,0,
71,Evan Turner,27.0,BOS,SG,81,12,2271.0,0.456,10.6,0.89,0.264,0.162,0.311,0.153,0.11,.482,.638,.418,.427,.391,.241,0.303,0.95,0.013,8,0.494,.341,1,0,6MOY-5
72,Tristan Thompson,24.0,CLE,PF,82,34,2269.0,0.588,2.4,1.0,0.695,0.26,0.036,0.01,0.0,.588,.671,.413,.400,.000,,0.7,0.0,0.255,98,0.0,,0,0,6MOY-10
73,LaMarcus Aldridge,30.0,SAS,PF,74,74,2261.0,0.513,10.0,0.985,0.279,0.191,0.211,0.303,0.015,.521,.733,.465,.427,.426,.000,0.66,0.0,0.047,47,0.5,.000,0,0,"AS,NBA3"
74,D'Angelo Russell,19.0,LAL,PG,80,48,2259.0,0.41,15.3,0.613,0.189,0.129,0.144,0.151,0.387,.447,.586,.463,.341,.361,.351,0.271,0.692,0.002,2,0.143,.358,7,0,ROY-9
75,Dwyane Wade,34.0,MIA,SG,74,73,2258.0,0.456,9.6,0.963,0.295,0.23,0.179,0.259,0.037,.468,.648,.430,.340,.386,.159,0.278,0.714,0.03,36,0.136,.333,3,1,AS
76,Marcin Gortat,31.0,WAS,C,75,74,2256.0,0.567,5.3,0.999,0.452,0.313,0.195,0.039,0.001,.567,.704,.490,.403,.433,.000,0.794,0.0,0.067,48,0.0,,0,0,
77,Jeff Teague,27.0,ATL,PG,79,78,2255.0,0.439,11.0,0.723,0.372,0.156,0.098,0.094,0.277,.454,.563,.338,.412,.269,.401,0.167,0.636,0.005,4,0.106,.448,0,0,
78,Jeff Green,29.0,2TM,SF,80,41,2253.0,0.43,11.3,0.742,0.308,0.218,0.09,0.125,0.258,.470,.602,.344,.486,.350,.315,0.401,0.896,0.063,47,0.343,.329,4,0,
78,Jeff Green,29.0,MEM,SF,53,31,1544.0,0.431,11.3,0.756,0.314,0.206,0.102,0.133,0.244,.470,.583,.383,.491,.324,.309,0.399,0.833,0.072,35,0.287,.333,4,0,
78,Jeff Green,29.0,LAC,SF,27,10,709.0,0.427,11.4,0.712,0.296,0.243,0.064,0.109,0.288,.468,.646,.277,.471,.414,.325,0.404,1.0,0.045,12,0.442,.324,0,0,
79,DeMarcus Cousins,25.0,SAC,C,65,65,2246.0,0.451,9.2,0.842,0.36,0.286,0.035,0.161,0.158,.473,.595,.412,.255,.358,.333,0.55,1.0,0.062,73,0.033,.286,1,0,"AS,NBA2"
80,Ish Smith,27.0,2TM,PG,77,53,2239.0,0.411,10.4,0.824,0.333,0.188,0.104,0.199,0.176,.428,.550,.341,.356,.344,.329,0.188,0.589,0.009,7,0.118,.400,1,0,
80,Ish Smith,27.0,NOP,PG,27,3,617.0,0.43,9.5,0.855,0.382,0.206,0.079,0.189,0.145,.451,.598,.340,.389,.302,.303,0.159,0.7,0.004,1,0.242,.375,0,0,
80,Ish Smith,27.0,PHI,PG,50,50,1622.0,0.405,11.2,0.815,0.318,0.183,0.112,0.202,0.185,.420,.532,.341,.349,.356,.336,0.198,0.565,0.011,6,0.088,.417,1,0,
81,Justise Winslow,19.0,MIA,SF,78,8,2232.0,0.422,10.5,0.749,0.392,0.175,0.039,0.145,0.251,.471,.575,.383,.278,.358,.276,0.589,0.969,0.045,19,0.716,.277,2,0,ROY-6
82,Gorgui Dieng,26.0,MIN,C,82,39,2220.0,0.532,8.2,0.965,0.387,0.197,0.157,0.223,0.035,.540,.710,.395,.462,.434,.300,0.712,1.0,0.131,69,0.65,.385,0,0,
83,Robin Lopez,27.0,NYK,C,82,82,2219.0,0.539,4.6,0.998,0.456,0.394,0.1,0.048,0.002,.540,.619,.529,.333,.313,.000,0.524,0.0,0.069,44,1.0,.000,0,0,
84,Darren Collison,28.0,SAC,PG,74,15,2219.0,0.486,13.3,0.72,0.272,0.133,0.094,0.222,0.28,.519,.645,.398,.493,.448,.401,0.345,0.77,0.005,4,0.3,.462,2,0,6MOY-15
85,Raymond Felton,31.0,DAL,PG,80,31,2192.0,0.406,13.8,0.688,0.217,0.198,0.073,0.199,0.312,.463,.635,.400,.380,.368,.282,0.207,0.733,0.0,0,0.178,.263,2,0,
86,Matt Barnes,35.0,MEM,SF,76,45,2190.0,0.381,15.4,0.466,0.27,0.107,0.029,0.061,0.534,.449,.561,.311,.400,.214,.322,0.634,0.941,0.013,8,0.284,.305,3,0,
87,Anthony Davis,22.0,NOP,C,61,61,2164.0,0.493,10.3,0.905,0.299,0.195,0.165,0.246,0.095,.511,.697,.396,.420,.434,.324,0.728,0.943,0.146,147,0.213,.261,2,0,"DPOY-9,AS"
88,Hollis Thompson,24.0,PHI,SG,77,17,2154.0,0.397,17.8,0.424,0.146,0.103,0.062,0.112,0.576,.420,.576,.371,.357,.303,.380,0.645,0.973,0.004,3,0.306,.450,1,0,
89,Dion Waiters,24.0,OKC,SG,78,15,2152.0,0.399,13.9,0.66,0.286,0.076,0.065,0.229,0.34,.421,.515,.333,.435,.333,.358,0.306,0.872,0.025,16,0.4,.385,0,0,
90,Elfrid Payton,21.0,ORL,PG,73,69,2145.0,0.436,8.8,0.874,0.411,0.212,0.104,0.147,0.126,.451,.583,.381,.355,.252,.326,0.285,0.933,0.016,9,0.283,.308,1,0,
91,Jamal Crawford,35.0,LAC,SG,79,5,2126.0,0.404,16.8,0.634,0.099,0.134,0.16,0.241,0.366,.440,.613,.468,.387,.389,.340,0.26,0.735,0.001,1,0.23,.418,6,0,6MOY-1
92,Hassan Whiteside,26.0,MIA,C,73,43,2125.0,0.606,4.7,1.0,0.503,0.317,0.104,0.075,0.0,.606,.773,.435,.437,.431,,0.659,0.0,0.224,148,0.0,,0,0,"DPOY-3,DEF2"
93,Bojan Bogdanović,26.0,BRK,SF,79,39,2115.0,0.433,14.3,0.549,0.258,0.147,0.076,0.069,0.451,.474,.601,.336,.316,.462,.382,0.59,0.907,0.024,17,0.402,.426,0,0,
94,Devin Booker,19.0,PHO,SG,76,51,2108.0,0.423,14.6,0.667,0.212,0.129,0.106,0.219,0.333,.464,.641,.411,.370,.368,.343,0.455,0.788,0.012,9,0.194,.375,1,0,ROY-4
95,Deron Williams,31.0,DAL,PG,65,63,2106.0,0.414,14.8,0.636,0.164,0.183,0.111,0.178,0.364,.454,.591,.401,.407,.413,.344,0.241,0.804,0.001,1,0.184,.481,2,0,
96,Allen Crabbe,23.0,POR,SG,81,8,2105.0,0.459,17.2,0.58,0.133,0.069,0.109,0.27,0.42,.506,.711,.362,.514,.443,.393,0.769,0.964,0.019,11,0.302,.430,1,0,6MOY-16
97,Jared Dudley,30.0,WAS,PF,81,41,2098.0,0.478,18.7,0.511,0.127,0.027,0.057,0.298,0.489,.534,.758,.385,.464,.469,.420,0.872,1.0,0.0,0,0.244,.483,0,0,
98,JJ Redick,31.0,LAC,SG,75,75,2097.0,0.48,19.5,0.522,0.074,0.06,0.05,0.339,0.478,.484,.631,.453,.364,.473,.475,0.833,0.94,0.0,0,0.159,.552,0,0,
99,Derrick Rose,27.0,CHI,PG,66,66,2097.0,0.427,10.7,0.857,0.3,0.205,0.16,0.191,0.143,.449,.510,.423,.476,.360,.293,0.223,0.909,0.001,1,0.147,.318,2,0,
100,Mason Plumlee,25.0,POR,C,82,82,2084.0,0.516,3.6,0.992,0.619,0.282,0.058,0.033,0.008,.520,.631,.342,.333,.294,.000,0.689,0.0,0.184,86,0.0,,2,0,
101,Kent Bazemore,26.0,ATL,SF,75,68,2083.0,0.441,12.7,0.579,0.39,0.08,0.026,0.083,0.421,.502,.594,.276,.368,.333,.357,0.536,0.927,0.029,15,0.384,.410,1,0,
102,Emmanuel Mudiay,19.0,DEN,PG,68,66,2068.0,0.364,12.7,0.744,0.293,0.117,0.146,0.186,0.256,.379,.475,.292,.311,.339,.319,0.286,0.73,0.018,14,0.078,.278,1,0,ROY-7
103,Jerami Grant,21.0,PHI,PF,77,52,2066.0,0.419,8.4,0.756,0.491,0.184,0.047,0.035,0.244,.477,.619,.209,.179,.286,.240,0.685,1.0,0.137,73,0.5,.288,0,0,
104,Danny Green,28.0,SAS,SG,79,79,2062.0,0.376,18.3,0.378,0.166,0.05,0.064,0.094,0.622,.448,.602,.250,.361,.340,.332,0.716,0.966,0.018,6,0.312,.294,3,0,
105,Jeremy Lin,27.0,CHO,SG,78,13,2048.0,0.412,13.0,0.69,0.305,0.13,0.088,0.166,0.31,.446,.568,.379,.344,.331,.336,0.348,0.816,0.001,1,0.102,.391,0,0,6MOY-7
106,Kristaps Porziņģis,20.0,NYK,PF,72,72,2047.0,0.421,13.2,0.726,0.216,0.184,0.167,0.159,0.274,.454,.576,.356,.405,.454,.333,0.586,0.988,0.064,52,0.099,.292,1,0,ROY-2
107,Cory Joseph,24.0,TOR,SG,80,4,2046.0,0.439,10.9,0.812,0.297,0.239,0.111,0.164,0.188,.478,.615,.400,.385,.406,.273,0.189,0.967,0.0,0,0.309,.441,1,0,
108,Harrison Barnes,23.0,GSW,SF,66,59,2042.0,0.466,13.9,0.662,0.227,0.147,0.104,0.183,0.338,.508,.625,.409,.394,.509,.383,0.634,0.988,0.093,54,0.444,.358,0,0,
109,Patrick Beverley,27.0,HOU,PG,71,63,2041.0,0.434,15.3,0.478,0.197,0.175,0.059,0.047,0.522,.472,.581,.365,.457,.429,.400,0.351,0.839,0.003,2,0.416,.403,0,0,
110,Nikola Vučević,25.0,ORL,C,65,60,2037.0,0.51,9.8,0.991,0.247,0.279,0.166,0.299,0.009,.512,.616,.500,.431,.482,.222,0.61,0.5,0.032,29,0.0,,1,0,
111,Langston Galloway,24.0,NYK,PG,82,7,2033.0,0.393,15.4,0.619,0.235,0.097,0.06,0.228,0.381,.423,.580,.421,.371,.276,.344,0.468,0.844,0.003,2,0.263,.475,6,0,
112,José Calderón,34.0,NYK,PG,72,72,2024.0,0.459,18.4,0.554,0.099,0.029,0.114,0.312,0.446,.496,.644,.538,.404,.479,.414,0.304,0.869,0.0,0,0.133,.481,0,0,
113,Patrick Patterson,26.0,TOR,PF,79,0,2020.0,0.414,17.2,0.406,0.124,0.152,0.087,0.043,0.594,.490,.525,.560,.349,.429,.362,0.5,0.991,0.037,16,0.386,.372,0,0,6MOY-16
114,Zach Randolph,34.0,MEM,PF,68,53,2016.0,0.475,8.6,0.971,0.314,0.31,0.103,0.245,0.029,.482,.604,.423,.462,.410,.231,0.478,0.833,0.001,1,0.077,.500,3,0,
115,Steven Adams,22.0,OKC,C,80,80,2014.0,0.613,2.2,1.0,0.721,0.258,0.016,0.005,0.0,.613,.655,.500,.571,.500,,0.762,0.0,0.277,101,0.0,,0,0,
116,Ryan Anderson,27.0,NOP,PF,66,7,2008.0,0.427,15.3,0.615,0.227,0.097,0.112,0.179,0.385,.466,.521,.433,.375,.470,.366,0.444,0.924,0.02,16,0.165,.322,5,0,6MOY-6
117,Zaza Pachulia,31.0,DAL,C,76,69,2004.0,0.466,5.9,0.994,0.523,0.2,0.147,0.123,0.006,.469,.589,.383,.290,.310,.000,0.68,0.0,0.03,13,0.0,,3,0,
118,Derrick Favors,24.0,UTA,PF,62,59,1983.0,0.515,7.7,0.995,0.38,0.21,0.249,0.157,0.005,.518,.714,.453,.391,.331,.000,0.646,0.0,0.107,85,0.0,,2,0,
119,Tony Parker,33.0,SAS,PG,72,72,1980.0,0.493,10.5,0.908,0.311,0.173,0.141,0.285,0.092,.501,.615,.431,.420,.455,.415,0.279,0.815,0.0,0,0.692,.356,0,0,
120,Dante Cunningham,28.0,NOP,SF,80,46,1971.0,0.451,14.5,0.578,0.296,0.083,0.039,0.163,0.422,.550,.705,.235,.500,.433,.316,0.855,1.0,0.066,24,0.615,.336,2,0,
121,Isaiah Canaan,24.0,PHI,SG,77,39,1966.0,0.36,19.0,0.328,0.13,0.096,0.047,0.057,0.672,.354,.489,.261,.294,.244,.363,0.417,0.744,0.0,0,0.198,.406,0,0,
122,Nerlens Noel,21.0,PHI,C,67,62,1965.0,0.521,5.1,0.997,0.545,0.228,0.106,0.118,0.003,.521,.716,.306,.306,.232,.500,0.669,1.0,0.278,151,0.0,,0,0,
123,Garrett Temple,29.0,WAS,SF,80,43,1951.0,0.398,15.7,0.489,0.261,0.071,0.046,0.113,0.511,.453,.561,.306,.348,.333,.345,0.571,0.944,0.026,13,0.457,.364,1,0,
124,Taj Gibson,30.0,CHI,PF,73,55,1936.0,0.526,5.8,0.994,0.524,0.188,0.16,0.124,0.006,.529,.630,.447,.388,.403,.000,0.643,0.0,0.152,71,0.0,,0,0,
125,Rudy Gobert,23.0,UTA,C,61,60,1932.0,0.559,1.8,1.0,0.802,0.175,0.006,0.017,0.0,.559,.641,.226,.000,.333,,0.626,0.0,0.297,96,0.0,,0,0,DPOY-7
126,Jared Sullinger,23.0,BOS,PF,81,73,1915.0,0.435,11.3,0.872,0.292,0.202,0.092,0.287,0.128,.458,.591,.399,.351,.398,.282,0.609,1.0,0.009,7,0.019,.500,2,0,
127,Lou Williams,29.0,LAL,SG,67,35,1907.0,0.408,16.3,0.538,0.153,0.126,0.121,0.14,0.462,.464,.594,.437,.345,.443,.344,0.295,0.655,0.009,4,0.259,.361,1,0,
128,Robert Covington,25.0,PHI,SF,67,49,1903.0,0.385,18.5,0.323,0.19,0.083,0.027,0.024,0.677,.452,.593,.237,.211,.353,.353,0.558,0.947,0.015,9,0.137,.333,3,1,
129,Ersan İlyasova,28.0,2TM,PF,74,56,1881.0,0.424,13.2,0.608,0.292,0.124,0.05,0.144,0.392,.458,.570,.317,.394,.368,.371,0.641,0.927,0.003,1,0.131,.353,0,0,
129,Ersan İlyasova,28.0,DET,PF,52,52,1434.0,0.425,14.6,0.577,0.266,0.126,0.049,0.136,0.423,.471,.593,.297,.440,.406,.363,0.638,0.936,0.002,0,0.14,.333,0,0,
129,Ersan İlyasova,28.0,ORL,PF,22,4,447.0,0.418,11.8,0.712,0.379,0.118,0.052,0.17,0.288,.422,.517,.389,.250,.269,.409,0.652,0.889,0.007,1,0.091,.500,0,0,
130,Omri Casspi,27.0,SAC,PF,69,21,1880.0,0.481,13.0,0.559,0.28,0.256,0.023,0.003,0.441,.537,.661,.440,.214,.000,.409,0.663,0.857,0.05,29,0.168,.435,1,0,
131,Roy Hibbert,29.0,LAL,C,81,81,1878.0,0.443,8.3,0.995,0.297,0.299,0.146,0.253,0.005,.445,.623,.341,.383,.394,.000,0.61,0.0,0.085,33,0.0,,0,0,
132,Brandon Knight,24.0,PHO,SG,52,50,1870.0,0.415,15.5,0.608,0.199,0.132,0.068,0.21,0.392,.461,.624,.407,.361,.372,.342,0.251,0.608,0.006,5,0.134,.468,1,0,
133,Matthew Dellavedova,25.0,CLE,PG,76,14,1867.0,0.405,15.9,0.532,0.092,0.241,0.135,0.065,0.468,.401,.489,.398,.304,.485,.410,0.321,0.806,0.0,0,0.172,.488,0,0,
134,Aaron Gordon,20.0,ORL,PF,78,37,1863.0,0.473,10.3,0.755,0.454,0.105,0.086,0.112,0.245,.531,.654,.344,.340,.338,.296,0.517,0.976,0.131,72,0.38,.315,5,0,
135,Kobe Bryant,37.0,LAL,SF,66,66,1863.0,0.358,17.3,0.58,0.093,0.102,0.173,0.213,0.42,.410,.644,.398,.411,.312,.285,0.328,0.692,0.004,5,0.126,.322,1,0,AS
136,Doug McDermott,24.0,CHI,SF,81,4,1861.0,0.452,14.5,0.598,0.242,0.126,0.093,0.137,0.402,.470,.577,.370,.467,.375,.425,0.757,0.982,0.019,12,0.282,.411,0,0,
137,Danilo Gallinari,27.0,DEN,SF,53,53,1839.0,0.41,14.5,0.659,0.297,0.071,0.061,0.226,0.341,.434,.538,.240,.302,.399,.364,0.46,0.885,0.061,40,0.121,.345,3,1,
138,Jrue Holiday,25.0,NOP,PG,65,23,1831.0,0.439,12.3,0.723,0.29,0.164,0.149,0.121,0.277,.478,.576,.418,.446,.363,.336,0.207,0.517,0.011,10,0.127,.212,2,1,6MOY-16
139,Alex Len,22.0,PHO,C,78,46,1821.0,0.423,6.9,0.989,0.442,0.224,0.128,0.192,0.011,.426,.572,.279,.300,.350,.143,0.669,1.0,0.16,89,0.571,.250,0,0,
140,Ian Mahinmi,29.0,IND,C,71,71,1816.0,0.589,3.8,1.0,0.627,0.248,0.04,0.085,0.0,.589,.690,.486,.222,.316,,0.758,0.0,0.123,51,0.0,,0,0,
141,Nik Stauskas,22.0,PHI,SG,73,35,1809.0,0.385,16.8,0.404,0.251,0.057,0.026,0.07,0.596,.473,.547,.290,.357,.395,.326,0.558,0.915,0.039,18,0.323,.343,0,0,
142,Bismack Biyombo,23.0,TOR,C,82,22,1808.0,0.542,3.5,0.997,0.656,0.205,0.101,0.035,0.003,.544,.640,.322,.448,.300,.000,0.737,0.0,0.299,78,0.0,,0,0,
143,Amir Johnson,28.0,BOS,PF,79,76,1800.0,0.585,5.2,0.899,0.547,0.305,0.035,0.014,0.101,.624,.712,.508,.400,.333,.233,0.665,1.0,0.134,56,0.233,.500,1,0,
144,Chandler Parsons,27.0,DAL,SF,61,51,1799.0,0.492,13.6,0.614,0.3,0.138,0.052,0.126,0.386,.540,.713,.322,.412,.415,.414,0.481,0.865,0.034,22,0.175,.500,3,0,
145,Marc Gasol,31.0,MEM,C,52,52,1791.0,0.464,10.2,0.996,0.164,0.328,0.24,0.263,0.004,.463,.595,.448,.424,.435,.667,0.69,1.0,0.031,19,0.333,.000,0,0,
146,Chris Bosh,31.0,MIA,PF,53,53,1778.0,0.467,14.5,0.711,0.206,0.086,0.149,0.27,0.289,.508,.715,.364,.456,.425,.365,0.606,0.975,0.034,25,0.257,.386,0,0,AS
147,Cody Zeller,23.0,CHO,C,73,60,1774.0,0.529,4.9,0.977,0.648,0.151,0.041,0.137,0.023,.539,.640,.439,.222,.267,.100,0.787,1.0,0.195,78,0.2,.500,0,0,
148,Mike Conley,28.0,MEM,PG,56,56,1761.0,0.422,13.5,0.691,0.261,0.139,0.115,0.175,0.309,.449,.544,.402,.400,.377,.363,0.273,0.782,0.001,1,0.177,.421,2,0,
149,Thabo Sefolosha,31.0,ATL,SF,75,11,1758.0,0.505,12.1,0.669,0.417,0.067,0.048,0.137,0.331,.586,.665,.440,.444,.471,.341,0.705,0.952,0.043,16,0.512,.444,2,1,
150,Shane Larkin,23.0,BRK,PG,78,17,1751.0,0.442,11.9,0.785,0.319,0.149,0.1,0.217,0.215,.464,.600,.427,.340,.349,.361,0.339,0.59,0.0,0,0.194,.286,0,0,
151,Terrence Ross,24.0,TOR,SF,73,7,1747.0,0.431,18.9,0.458,0.086,0.061,0.123,0.19,0.542,.484,.704,.474,.468,.395,.386,0.54,0.947,0.035,22,0.295,.380,2,0,
152,Nikola Jokić,20.0,DEN,C,80,55,1733.0,0.512,7.6,0.86,0.418,0.293,0.078,0.068,0.14,.541,.622,.477,.447,.415,.333,0.595,0.929,0.018,11,0.143,.333,0,0,ROY-3
153,Andre Iguodala,32.0,GSW,SF,65,1,1732.0,0.478,14.5,0.582,0.31,0.063,0.073,0.136,0.418,.570,.728,.348,.407,.400,.351,0.631,0.944,0.141,49,0.377,.431,3,0,6MOY-2
154,Enes Freedom,23.0,OKC,C,82,1,1721.0,0.576,4.9,0.971,0.62,0.159,0.12,0.072,0.029,.579,.650,.447,.512,.365,.476,0.594,1.0,0.065,42,0.762,.500,1,0,6MOY-3
155,Frank Kaminsky,22.0,CHO,C,81,3,1708.0,0.41,12.6,0.615,0.331,0.187,0.04,0.057,0.385,.455,.523,.408,.238,.367,.337,0.578,0.985,0.034,15,0.129,.269,1,0,
156,Bradley Beal,22.0,WAS,SG,55,35,1708.0,0.449,14.5,0.661,0.229,0.114,0.139,0.179,0.339,.481,.639,.451,.405,.357,.387,0.429,0.8,0.029,21,0.155,.429,2,0,
157,Kenneth Faried,26.0,DEN,PF,67,64,1694.0,0.558,3.5,0.997,0.645,0.251,0.045,0.056,0.003,.558,.634,.452,.321,.343,.500,0.684,1.0,0.166,96,0.5,1.000,1,0,
158,Stanley Johnson,19.0,DET,SF,73,6,1687.0,0.375,13.2,0.658,0.255,0.173,0.117,0.113,0.342,.410,.569,.308,.357,.265,.307,0.346,0.889,0.02,10,0.4,.378,3,0,
159,Mirza Teletović,30.0,PHO,PF,79,1,1686.0,0.427,17.9,0.408,0.129,0.134,0.069,0.076,0.592,.476,.670,.413,.370,.356,.393,0.536,0.95,0.013,10,0.096,.364,1,0,6MOY-16
160,Ed Davis,26.0,POR,PF,81,0,1684.0,0.611,2.0,1.0,0.748,0.24,0.012,0.0,0.0,.611,.659,.469,.500,,,0.583,0.0,0.131,40,0.0,,0,0,6MOY-8
161,Shabazz Muhammad,23.0,MIN,SF,82,0,1682.0,0.465,9.6,0.777,0.373,0.232,0.094,0.078,0.223,.516,.650,.418,.359,.358,.289,0.615,1.0,0.093,60,0.421,.406,1,0,
162,Marco Belinelli,29.0,SAC,SG,68,7,1672.0,0.386,19.7,0.532,0.068,0.052,0.066,0.346,0.468,.456,.767,.303,.405,.427,.306,0.805,0.912,0.008,5,0.152,.400,5,0,
163,Corey Brewer,29.0,HOU,SF,82,12,1669.0,0.384,13.1,0.594,0.33,0.149,0.051,0.065,0.406,.460,.593,.268,.393,.278,.272,0.682,0.951,0.029,15,0.625,.293,9,0,
164,Ramon Sessions,29.0,WAS,PG,82,5,1667.0,0.473,8.6,0.813,0.434,0.216,0.105,0.057,0.188,.507,.576,.375,.468,.559,.324,0.426,0.889,0.029,15,0.243,.407,0,0,
165,J.J. Barea,31.0,DAL,PG,74,16,1667.0,0.446,13.5,0.634,0.193,0.243,0.113,0.086,0.366,.481,.591,.405,.525,.393,.385,0.189,0.57,0.0,0,0.146,.342,1,0,6MOY-12
166,Marcus Smart,21.0,BOS,PG,61,10,1667.0,0.348,14.4,0.544,0.291,0.146,0.053,0.055,0.456,.427,.513,.312,.393,.310,.253,0.39,0.738,0.013,5,0.245,.203,4,0,
167,Kyrie Irving,23.0,CLE,PG,53,53,1667.0,0.448,13.2,0.702,0.243,0.164,0.131,0.166,0.298,.502,.584,.403,.504,.473,.321,0.206,0.595,0.001,1,0.218,.386,0,0,
168,Wesley Johnson,28.0,LAC,SF,80,9,1666.0,0.404,18.9,0.4,0.14,0.037,0.047,0.177,0.6,.510,.708,.474,.458,.374,.333,0.867,0.981,0.045,20,0.424,.420,0,0,
169,Patty Mills,27.0,SAS,PG,81,3,1662.0,0.425,18.7,0.477,0.142,0.028,0.034,0.273,0.523,.469,.655,.294,.429,.395,.384,0.438,0.846,0.0,0,0.253,.370,2,0,
170,Michael Carter-Williams,24.0,MIL,PG,54,37,1649.0,0.452,8.6,0.901,0.351,0.27,0.135,0.144,0.099,.472,.569,.460,.347,.375,.273,0.36,0.733,0.05,24,0.255,.357,1,0,
171,Nikola Mirotić,24.0,CHI,PF,66,38,1646.0,0.407,17.3,0.432,0.21,0.074,0.053,0.095,0.568,.430,.602,.222,.156,.362,.390,0.69,0.948,0.021,11,0.228,.443,2,0,
172,Randy Foye,32.0,2TM,SG,81,8,1642.0,0.351,17.3,0.481,0.195,0.079,0.029,0.178,0.519,.405,.553,.289,.286,.314,.300,0.255,0.693,0.002,1,0.264,.303,2,0,
172,Randy Foye,32.0,DEN,SG,54,7,1070.0,0.351,17.2,0.492,0.198,0.087,0.027,0.18,0.508,.409,.530,.276,.222,.367,.296,0.254,0.64,0.003,1,0.213,.333,2,0,
172,Randy Foye,32.0,OKC,SG,27,1,572.0,0.349,17.5,0.456,0.188,0.06,0.034,0.174,0.544,.397,.607,.333,.400,.192,.309,0.259,0.8,0.0,0,0.37,.267,0,0,
173,Luis Scola,35.0,TOR,PF,76,76,1636.0,0.45,11.6,0.731,0.268,0.249,0.074,0.14,0.269,.467,.613,.403,.341,.369,.404,0.603,0.985,0.002,1,0.497,.475,0,0,
174,Trevor Booker,28.0,UTA,PF,79,2,1632.0,0.49,5.8,0.894,0.601,0.186,0.039,0.07,0.106,.513,.635,.306,.133,.222,.293,0.596,1.0,0.168,61,0.78,.344,1,0,
175,Alonzo Gee,28.0,NOP,SF,73,38,1632.0,0.518,8.2,0.765,0.561,0.082,0.035,0.078,0.235,.590,.699,.286,.111,.350,.283,0.687,1.0,0.282,65,0.9,.296,0,0,
176,Markieff Morris,26.0,2TM,PF,64,45,1629.0,0.425,12.8,0.784,0.258,0.142,0.182,0.202,0.216,.458,.600,.353,.435,.372,.303,0.605,0.979,0.075,49,0.142,.318,2,1,
176,Markieff Morris,26.0,PHO,PF,37,24,917.0,0.397,11.6,0.824,0.283,0.165,0.181,0.195,0.176,.420,.549,.310,.410,.333,.289,0.523,1.0,0.063,23,0.079,.167,1,0,
176,Markieff Morris,26.0,WAS,PF,27,21,712.0,0.467,14.0,0.725,0.22,0.108,0.185,0.213,0.275,.524,.698,.452,.472,.426,.316,0.716,0.96,0.094,26,0.203,.375,1,1,
177,Dennis Schröder,22.0,ATL,PG,80,6,1621.0,0.421,12.6,0.694,0.371,0.078,0.063,0.182,0.306,.465,.528,.344,.388,.415,.322,0.23,0.727,0.005,2,0.109,.346,4,0,6MOY-9
178,Tony Allen,34.0,MEM,SG,64,57,1620.0,0.458,6.3,0.91,0.582,0.168,0.047,0.113,0.09,.468,.575,.203,.364,.358,.357,0.58,0.933,0.051,23,0.714,.367,0,0,"DPOY-8,DEF2"
179,Tyson Chandler,33.0,PHO,C,66,60,1618.0,0.583,2.8,0.997,0.768,0.124,0.038,0.067,0.003,.585,.685,.333,.167,.143,.000,0.667,0.0,0.373,103,0.0,,1,0,
180,Wayne Ellington,28.0,BRK,SG,76,41,1615.0,0.389,18.3,0.522,0.123,0.045,0.061,0.294,0.478,.416,.609,.320,.353,.364,.358,0.574,0.865,0.011,6,0.332,.393,1,0,
181,T.J. McConnell,23.0,PHI,PG,81,17,1606.0,0.47,12.4,0.808,0.19,0.244,0.241,0.134,0.192,.499,.580,.478,.500,.419,.348,0.198,0.613,0.0,0,0.18,.438,5,0,
182,Lavoy Allen,26.0,IND,PF,79,28,1599.0,0.516,7.6,1.0,0.381,0.273,0.103,0.243,0.0,.516,.709,.446,.289,.389,,0.691,0.0,0.081,28,0.0,,0,0,
183,Jahlil Okafor,20.0,PHI,C,53,48,1591.0,0.508,6.3,0.992,0.394,0.327,0.192,0.079,0.008,.511,.675,.463,.353,.274,.167,0.412,1.0,0.058,40,0.167,.000,0,0,ROY-5
184,Gerald Green,30.0,MIA,SG,69,14,1557.0,0.392,16.8,0.557,0.148,0.075,0.135,0.199,0.443,.446,.586,.318,.494,.359,.323,0.527,0.929,0.046,22,0.335,.333,1,0,
185,Jonas Valančiūnas,23.0,TOR,C,60,59,1557.0,0.565,4.2,1.0,0.543,0.312,0.084,0.062,0.0,.565,.646,.473,.489,.424,,0.611,0.0,0.112,53,0.0,,0,0,
186,Andre Roberson,24.0,OKC,SG,70,70,1553.0,0.496,9.8,0.624,0.533,0.077,0.007,0.007,0.376,.608,.637,.524,.000,.000,.311,0.712,0.969,0.157,40,0.748,.364,1,0,
187,Tim Duncan,39.0,SAS,C,61,60,1536.0,0.488,7.2,0.995,0.324,0.406,0.088,0.179,0.005,.490,.671,.458,.385,.278,.000,0.684,0.0,0.011,4,0.0,,1,0,
188,Shaun Livingston,30.0,GSW,PG,78,3,1520.0,0.536,9.2,0.968,0.259,0.201,0.404,0.106,0.032,.548,.724,.434,.523,.425,.167,0.473,1.0,0.106,36,0.667,.250,1,0,6MOY-11
189,Darrell Arthur,27.0,DEN,PF,70,16,1516.0,0.452,14.6,0.761,0.209,0.096,0.115,0.342,0.239,.473,.569,.362,.446,.455,.385,0.784,1.0,0.045,19,0.282,.364,2,0,
190,Jordan Hill,28.0,IND,C,73,11,1513.0,0.506,8.0,0.998,0.332,0.281,0.148,0.237,0.002,.507,.659,.474,.506,.338,.000,0.561,0.0,0.067,35,1.0,.000,0,0,
191,Jerryd Bayless,27.0,MIL,SG,52,18,1505.0,0.423,17.5,0.471,0.149,0.101,0.069,0.156,0.529,.408,.492,.295,.400,.397,.437,0.393,0.901,0.011,4,0.286,.439,2,0,
192,Raul Neto,23.0,UTA,PG,81,53,1499.0,0.431,14.1,0.612,0.237,0.153,0.115,0.108,0.388,.453,.586,.328,.354,.444,.395,0.233,0.797,0.002,1,0.37,.417,3,0,
193,Kosta Koufos,26.0,SAC,C,78,14,1482.0,0.532,4.4,1.0,0.376,0.541,0.077,0.005,0.0,.532,.695,.450,.324,.000,,0.742,0.0,0.063,27,0.0,,0,0,
194,Eric Gordon,27.0,NOP,SG,45,44,1481.0,0.418,16.3,0.467,0.225,0.096,0.033,0.116,0.533,.457,.524,.358,.500,.391,.384,0.441,0.85,0.022,10,0.153,.289,0,0,
195,Clint Capela,21.0,HOU,C,77,35,1471.0,0.582,1.7,0.997,0.786,0.209,0.0,0.003,0.003,.583,.660,.301,,.000,.000,0.667,0.0,0.277,98,0.0,,1,0,
196,Austin Rivers,23.0,LAC,SG,67,7,1464.0,0.438,13.4,0.641,0.277,0.165,0.079,0.12,0.359,.495,.615,.447,.341,.387,.335,0.341,0.823,0.006,2,0.216,.400,1,0,
197,C.J. Miles,28.0,IND,SF,64,24,1464.0,0.409,18.5,0.39,0.158,0.071,0.055,0.104,0.61,.474,.560,.378,.486,.409,.367,0.487,0.915,0.027,12,0.155,.467,2,0,
198,Tayshaun Prince,35.0,MIN,SF,77,44,1462.0,0.445,14.5,0.9,0.127,0.14,0.127,0.507,0.1,.476,.759,.375,.483,.431,.174,0.745,1.0,0.022,5,0.957,.182,0,0,
199,Maurice Harkless,22.0,POR,SF,78,14,1457.0,0.474,9.7,0.659,0.501,0.117,0.012,0.029,0.341,.576,.660,.292,.400,.333,.279,0.558,0.949,0.17,61,0.486,.265,1,0,
200,Andrew Bogut,31.0,GSW,C,70,66,1451.0,0.627,2.7,0.996,0.677,0.258,0.047,0.014,0.004,.626,.757,.375,.231,.250,1.000,0.764,0.0,0.297,78,0.0,,0,0,
201,JaMychal Green,25.0,MEM,PF,78,15,1446.0,0.465,8.6,0.909,0.481,0.137,0.067,0.224,0.091,.478,.563,.353,.455,.378,.333,0.665,1.0,0.133,53,0.644,.379,1,0,
202,Ben McLemore,22.0,SAC,SG,68,53,1443.0,0.429,14.2,0.593,0.262,0.138,0.053,0.141,0.407,.474,.689,.238,.500,.297,.362,0.68,0.925,0.053,21,0.389,.347,0,0,
203,Derrick Williams,24.0,NYK,SF,80,9,1435.0,0.45,11.3,0.735,0.391,0.096,0.094,0.154,0.265,.506,.633,.296,.453,.345,.293,0.59,0.864,0.087,47,0.353,.415,2,0,
204,Gerald Henderson,28.0,POR,SG,72,0,1431.0,0.439,14.9,0.743,0.157,0.096,0.183,0.304,0.257,.468,.747,.314,.412,.410,.353,0.5,0.958,0.043,22,0.529,.444,0,0,
205,Mario Hezonja,20.0,ORL,SF,79,9,1413.0,0.433,16.9,0.541,0.203,0.081,0.05,0.206,0.459,.504,.659,.412,.476,.395,.349,0.526,0.836,0.053,19,0.182,.429,4,0,
206,Willie Cauley-Stein,22.0,SAC,C,66,39,1412.0,0.563,3.7,0.994,0.602,0.271,0.065,0.056,0.006,.567,.667,.457,.364,.263,.000,0.759,0.0,0.286,81,1.0,.000,0,0,
207,Ty Lawson,28.0,2TM,PG,66,13,1411.0,0.393,13.8,0.695,0.237,0.102,0.121,0.234,0.305,.419,.571,.389,.395,.289,.333,0.214,0.806,0.0,0,0.194,.381,3,0,
207,Ty Lawson,28.0,HOU,PG,53,12,1176.0,0.387,14.9,0.672,0.216,0.111,0.111,0.233,0.328,.415,.581,.344,.406,.299,.330,0.238,0.839,0.0,0,0.191,.389,2,0,
207,Ty Lawson,28.0,IND,PG,13,1,235.0,0.418,12.7,0.791,0.328,0.06,0.164,0.239,0.209,.434,.545,.750,.364,.250,.357,0.13,0.6,0.0,0,0.214,.333,1,0,
208,David West,35.0,SAS,PF,78,19,1404.0,0.545,10.1,0.984,0.257,0.23,0.152,0.346,0.016,.546,.713,.485,.500,.484,.429,0.784,1.0,0.029,11,0.143,.000,0,0,
209,Kelly Olynyk,24.0,BOS,C,69,8,1395.0,0.455,12.8,0.622,0.356,0.113,0.056,0.097,0.378,.486,.657,.238,.323,.241,.405,0.619,0.953,0.018,10,0.11,.609,0,0,
210,Boris Diaw,33.0,SAS,PF,76,4,1386.0,0.527,8.7,0.82,0.394,0.277,0.073,0.076,0.18,.564,.662,.547,.250,.414,.362,0.48,0.96,0.0,0,0.072,.200,1,0,6MOY-12
211,Trey Lyles,20.0,UTA,PF,80,33,1382.0,0.438,12.8,0.706,0.236,0.181,0.126,0.165,0.294,.461,.573,.392,.418,.403,.383,0.585,0.959,0.039,15,0.547,.443,1,0,
212,Mario Chalmers,29.0,2TM,PG,61,7,1373.0,0.41,12.8,0.664,0.32,0.203,0.056,0.086,0.336,.461,.528,.411,.360,.395,.309,0.213,0.739,0.002,0,0.255,.263,4,0,
212,Mario Chalmers,29.0,MIA,PG,6,0,120.0,0.313,13.3,0.656,0.313,0.188,0.031,0.125,0.344,.429,.500,.167,1.000,.500,.091,0.222,1.0,0.0,0,0.636,.143,1,0,
212,Mario Chalmers,29.0,MEM,PG,55,7,1253.0,0.417,12.2,0.665,0.32,0.204,0.058,0.083,0.335,.464,.530,.429,.333,.382,.326,0.213,0.733,0.002,0,0.225,.290,3,0,
213,Lance Stephenson,25.0,2TM,SF,69,13,1372.0,0.481,10.6,0.835,0.386,0.154,0.101,0.194,0.165,.500,.661,.315,.396,.380,.385,0.253,0.733,0.027,11,0.321,.280,1,0,
213,Lance Stephenson,25.0,LAC,SF,43,10,680.0,0.494,12.3,0.717,0.367,0.078,0.084,0.187,0.283,.529,.705,.308,.357,.355,.404,0.27,0.789,0.036,5,0.447,.333,1,0,
213,Lance Stephenson,25.0,MEM,SF,26,3,692.0,0.474,8.9,0.899,0.396,0.195,0.11,0.198,0.101,.487,.639,.317,.412,.393,.355,0.244,0.636,0.023,6,0.129,.000,0,0,
214,Myles Turner,19.0,IND,C,60,30,1367.0,0.498,10.8,0.974,0.292,0.13,0.189,0.364,0.026,.506,.690,.464,.400,.425,.214,0.797,1.0,0.053,26,0.143,.500,0,0,ROY-8
215,Trey Burke,23.0,UTA,PG,64,0,1366.0,0.413,16.2,0.596,0.159,0.117,0.118,0.202,0.404,.460,.525,.392,.480,.438,.344,0.144,0.909,0.0,0,0.215,.345,6,0,
216,Brandon Bass,30.0,LAL,PF,66,0,1342.0,0.549,5.1,0.994,0.596,0.132,0.151,0.114,0.006,.552,.667,.381,.396,.361,.000,0.764,0.0,0.287,86,0.0,,0,0,
217,Anthony Tolliver,30.0,DET,PF,72,5,1341.0,0.386,21.3,0.181,0.099,0.021,0.021,0.042,0.819,.500,.667,.143,.429,.286,.360,0.767,0.99,0.018,6,0.32,.379,0,0,
218,Meyers Leonard,23.0,POR,PF,61,10,1333.0,0.448,18.0,0.476,0.103,0.097,0.124,0.149,0.524,.527,.533,.548,.500,.523,.377,0.752,1.0,0.025,9,0.127,.345,2,0,
219,Timofey Mozgov,29.0,CLE,C,76,48,1326.0,0.565,4.7,0.981,0.61,0.178,0.103,0.089,0.019,.574,.689,.391,.297,.469,.143,0.851,1.0,0.251,78,0.857,.167,0,0,
220,Richard Jefferson,35.0,CLE,SF,74,5,1326.0,0.458,16.1,0.446,0.231,0.08,0.054,0.08,0.554,.554,.750,.320,.353,.360,.382,0.714,0.955,0.054,15,0.486,.440,0,0,
221,Donald Sloan,28.0,BRK,PG,61,33,1318.0,0.44,11.8,0.717,0.391,0.103,0.057,0.166,0.283,.462,.562,.333,.250,.379,.384,0.31,0.868,0.003,1,0.283,.429,2,0,
222,Iman Shumpert,25.0,CLE,SG,54,5,1316.0,0.374,16.7,0.521,0.197,0.069,0.072,0.184,0.479,.447,.600,.143,.227,.482,.295,0.507,0.977,0.056,12,0.404,.288,3,0,
223,Lance Thomas,27.0,NYK,PF,59,5,1313.0,0.442,13.4,0.715,0.217,0.183,0.105,0.209,0.285,.458,.578,.357,.450,.425,.404,0.592,0.909,0.026,10,0.541,.390,1,0,
224,P.J. Hairston,23.0,2TM,SF,66,52,1313.0,0.355,16.9,0.409,0.218,0.069,0.042,0.081,0.591,.449,.596,.286,.235,.303,.290,0.613,0.971,0.02,5,0.257,.306,0,0,
224,P.J. Hairston,23.0,CHO,SF,48,43,938.0,0.359,17.8,0.377,0.207,0.054,0.036,0.08,0.623,.433,.544,.200,.300,.364,.314,0.756,0.981,0.014,2,0.273,.340,0,0,
224,P.J. Hairston,23.0,MEM,SF,18,9,375.0,0.348,16.0,0.477,0.242,0.098,0.053,0.083,0.523,.476,.688,.385,.143,.182,.232,0.4,0.938,0.03,3,0.217,.200,0,0,
225,Tony Snell,24.0,CHI,SF,64,33,1301.0,0.372,15.6,0.543,0.204,0.162,0.035,0.142,0.457,.380,.478,.273,.667,.292,.361,0.457,0.946,0.038,10,0.232,.306,1,0,
226,Devin Harris,32.0,DAL,PG,64,0,1280.0,0.447,14.3,0.578,0.316,0.104,0.051,0.107,0.422,.532,.653,.333,.474,.400,.329,0.47,0.923,0.0,0,0.392,.419,6,0,
227,Rodney Stuckey,29.0,IND,PG,58,1,1275.0,0.413,12.4,0.813,0.287,0.129,0.129,0.271,0.187,.453,.575,.368,.404,.383,.241,0.405,0.85,0.002,0,0.41,.206,3,0,
228,Luc Mbah a Moute,29.0,LAC,PF,75,61,1274.0,0.454,8.2,0.807,0.536,0.116,0.029,0.126,0.193,.485,.541,.458,.000,.385,.325,0.901,1.0,0.063,10,0.9,.333,0,0,
229,Larry Nance Jr.,23.0,LAL,PF,63,22,1266.0,0.527,8.1,0.967,0.463,0.15,0.097,0.257,0.033,.541,.683,.467,.345,.403,.100,0.739,1.0,0.197,53,0.5,.200,2,0,
230,Jerian Grant,23.0,NYK,PG,76,6,1265.0,0.394,11.3,0.744,0.368,0.138,0.107,0.13,0.256,.454,.521,.426,.381,.353,.220,0.333,0.727,0.015,6,0.11,.455,1,0,
231,E'Twaun Moore,26.0,CHI,SG,59,22,1263.0,0.481,12.9,0.733,0.177,0.26,0.131,0.165,0.267,.491,.652,.485,.412,.391,.452,0.436,0.915,0.015,6,0.452,.468,0,0,
232,Toney Douglas,29.0,NOP,PG,61,18,1262.0,0.411,16.1,0.544,0.2,0.101,0.106,0.139,0.456,.421,.584,.333,.234,.403,.399,0.402,0.679,0.0,0,0.187,.526,1,0,
233,Jason Terry,38.0,HOU,SG,72,7,1258.0,0.402,19.6,0.306,0.072,0.093,0.072,0.069,0.694,.504,.704,.514,.407,.385,.356,0.397,0.903,0.0,0,0.418,.376,1,0,
234,Jon Leuer,26.0,PHO,PF,67,27,1255.0,0.481,11.3,0.764,0.305,0.18,0.137,0.142,0.236,.511,.725,.345,.422,.348,.382,0.604,1.0,0.088,38,0.145,.188,1,0,
235,Kyle Anderson,22.0,SAS,SF,78,11,1245.0,0.468,11.5,0.875,0.217,0.2,0.251,0.21,0.125,.488,.609,.373,.500,.452,.324,0.484,1.0,0.034,9,0.865,.375,0,0,
236,Joe Ingles,28.0,UTA,SF,81,2,1241.0,0.426,20.1,0.278,0.12,0.031,0.017,0.11,0.722,.531,.743,.333,.800,.313,.386,0.372,0.901,0.007,2,0.367,.494,1,0,
237,Aron Baynes,29.0,DET,C,81,1,1233.0,0.505,5.4,0.995,0.456,0.318,0.117,0.104,0.005,.508,.606,.434,.400,.425,.000,0.753,0.0,0.112,39,0.5,.000,0,0,
238,Paul Pierce,38.0,LAC,SF,68,38,1231.0,0.363,19.6,0.39,0.068,0.055,0.121,0.146,0.61,.445,.407,.318,.438,.517,.310,0.493,0.96,0.003,1,0.112,.222,0,0,
239,Jeremy Lamb,23.0,CHO,SG,66,0,1227.0,0.451,13.7,0.645,0.292,0.118,0.096,0.137,0.355,.529,.631,.450,.367,.500,.309,0.466,0.786,0.027,11,0.138,.320,1,0,
240,Ronnie Price,32.0,PHO,PG,62,18,1211.0,0.384,19.1,0.351,0.142,0.06,0.046,0.106,0.649,.453,.628,.278,.429,.313,.347,0.083,0.868,0.02,6,0.276,.463,1,0,
241,Channing Frye,32.0,2TM,C,70,32,1200.0,0.438,19.4,0.323,0.112,0.069,0.037,0.098,0.677,.545,.641,.500,.462,.500,.387,0.738,0.989,0.035,11,0.221,.365,0,0,
241,Channing Frye,32.0,ORL,PF,44,29,754.0,0.435,19.2,0.349,0.14,0.059,0.022,0.124,0.651,.508,.615,.364,.500,.478,.397,0.758,0.979,0.048,8,0.215,.346,0,0,
241,Channing Frye,32.0,CLE,C,26,3,446.0,0.441,19.7,0.292,0.081,0.081,0.056,0.068,0.708,.596,.692,.615,.444,.545,.377,0.714,1.0,0.019,3,0.228,.385,0,0,
242,Norris Cole,27.0,NOP,PG,45,23,1198.0,0.405,14.1,0.789,0.209,0.124,0.105,0.351,0.211,.427,.495,.400,.431,.394,.324,0.258,0.879,0.01,5,0.186,.474,0,0,
243,Jason Smith,29.0,ORL,C,76,2,1181.0,0.485,15.0,0.968,0.137,0.058,0.121,0.652,0.032,.493,.580,.379,.574,.470,.250,0.888,1.0,0.008,4,0.438,.429,0,0,
244,Ömer Aşık,29.0,NOP,C,68,64,1178.0,0.533,1.5,1.0,0.851,0.133,0.015,0.005,0.0,.533,.590,.231,.000,.000,,0.712,0.0,0.231,43,0.0,,0,0,
245,D.J. Augustin,28.0,2TM,PG,62,0,1178.0,0.423,15.5,0.52,0.26,0.106,0.071,0.08,0.48,.440,.516,.270,.480,.393,.405,0.175,0.632,0.0,0,0.22,.514,3,1,
245,D.J. Augustin,28.0,OKC,PG,34,0,519.0,0.38,15.7,0.496,0.256,0.099,0.033,0.107,0.504,.367,.452,.250,.000,.385,.393,0.227,0.75,0.0,0,0.246,.400,1,0,
245,D.J. Augustin,28.0,DEN,PG,28,0,659.0,0.445,15.3,0.533,0.262,0.109,0.092,0.066,0.467,.475,.550,.280,.571,.400,.411,0.155,0.568,0.0,0,0.206,.591,2,1,
246,Jonas Jerebko,28.0,BOS,PF,78,0,1176.0,0.413,13.0,0.622,0.343,0.136,0.035,0.108,0.378,.421,.531,.308,.300,.258,.398,0.693,1.0,0.035,8,0.343,.405,1,0,
247,Noah Vonleh,20.0,POR,PF,78,56,1174.0,0.421,9.3,0.835,0.417,0.191,0.054,0.173,0.165,.457,.603,.283,.467,.292,.239,0.528,1.0,0.129,33,0.304,.286,0,0,
248,Blake Griffin,26.0,LAC,PF,35,35,1170.0,0.499,11.2,0.97,0.292,0.151,0.07,0.458,0.03,.504,.739,.484,.357,.384,.333,0.641,0.667,0.061,36,0.167,.000,0,0,
249,JaKarr Sampson,22.0,2TM,SF,73,40,1160.0,0.442,8.3,0.801,0.451,0.256,0.057,0.041,0.199,.496,.657,.284,.333,.231,.222,0.563,0.857,0.107,26,0.444,.214,0,0,
249,JaKarr Sampson,22.0,PHI,SF,47,18,691.0,0.426,7.4,0.832,0.441,0.302,0.054,0.035,0.168,.476,.697,.246,.182,.143,.176,0.525,0.667,0.079,11,0.412,.143,0,0,
249,JaKarr Sampson,22.0,DEN,SF,26,22,469.0,0.47,9.1,0.748,0.47,0.174,0.061,0.052,0.252,.535,.593,.400,.571,.333,.276,0.63,1.0,0.157,15,0.483,.286,0,0,
250,Mike Scott,27.0,ATL,PF,75,0,1146.0,0.468,13.7,0.58,0.263,0.157,0.093,0.066,0.42,.523,.636,.458,.571,.160,.392,0.851,0.968,0.064,16,0.222,.286,0,0,
251,Manu Ginóbili,38.0,SAS,SG,58,0,1134.0,0.453,13.9,0.589,0.278,0.138,0.087,0.085,0.411,.496,.537,.450,.395,.541,.391,0.543,0.914,0.005,2,0.128,.522,1,0,
252,Archie Goodwin,21.0,PHO,PG,57,13,1114.0,0.417,8.9,0.765,0.526,0.13,0.021,0.088,0.235,.474,.577,.145,.444,.351,.232,0.346,0.696,0.064,24,0.162,.125,1,0,
253,Marcus Thornton,28.0,2TM,SG,61,8,1109.0,0.399,16.7,0.502,0.192,0.116,0.079,0.113,0.498,.460,.587,.333,.419,.410,.337,0.424,0.857,0.0,0,0.211,.386,4,0,
253,Marcus Thornton,28.0,HOU,SG,47,6,885.0,0.4,16.2,0.503,0.193,0.12,0.078,0.113,0.497,.461,.560,.346,.353,.490,.338,0.416,0.849,0.0,0,0.204,.409,3,0,
253,Marcus Thornton,28.0,WAS,SG,14,2,224.0,0.393,17.1,0.495,0.187,0.103,0.084,0.112,0.505,.453,.700,.273,.667,.083,.333,0.458,0.889,0.0,0,0.241,.308,1,0,
254,Aaron Brooks,31.0,CHI,PG,69,0,1108.0,0.401,14.4,0.606,0.237,0.186,0.102,0.083,0.394,.430,.468,.425,.396,.359,.357,0.09,0.576,0.0,0,0.086,.375,4,0,
255,Josh Richardson,22.0,MIA,SG,52,2,1107.0,0.452,14.9,0.577,0.228,0.107,0.11,0.132,0.423,.446,.613,.310,.267,.417,.461,0.414,0.962,0.055,14,0.348,.550,0,0,
256,Bobby Portis,20.0,CHI,PF,62,4,1102.0,0.427,10.5,0.881,0.321,0.197,0.11,0.25,0.119,.443,.586,.372,.250,.404,.308,0.629,0.938,0.069,24,0.154,.000,1,0,
257,Al Jefferson,31.0,CHO,C,47,18,1096.0,0.485,7.9,1.0,0.271,0.341,0.25,0.139,0.0,.485,.642,.407,.405,.514,,0.555,0.0,0.028,13,0.0,,0,0,
258,Kevin Martin,32.0,2TM,SG,55,13,1095.0,0.372,15.0,0.675,0.16,0.126,0.158,0.234,0.325,.378,.582,.340,.288,.316,.360,0.542,0.939,0.033,13,0.162,.500,0,0,
258,Kevin Martin,32.0,MIN,SG,39,12,834.0,0.377,15.2,0.692,0.153,0.123,0.156,0.26,0.308,.381,.608,.341,.308,.310,.369,0.557,0.947,0.039,12,0.146,.467,0,0,
258,Kevin Martin,32.0,SAS,SG,16,1,261.0,0.353,14.9,0.612,0.188,0.141,0.165,0.129,0.388,.365,.500,.333,.214,.364,.333,0.474,0.909,0.012,1,0.212,.571,0,0,
259,Nenê,33.0,WAS,PF,57,11,1094.0,0.544,6.9,0.992,0.474,0.18,0.125,0.214,0.008,.549,.698,.449,.396,.390,.000,0.641,0.0,0.112,39,0.667,.000,0,0,
260,O.J. Mayo,28.0,MIL,SG,41,24,1090.0,0.371,17.4,0.495,0.15,0.081,0.1,0.165,0.505,.421,.479,.192,.375,.509,.321,0.522,0.962,0.0,0,0.278,.244,0,0,
261,Leandro Barbosa,33.0,GSW,SG,68,0,1079.0,0.462,11.8,0.703,0.368,0.127,0.073,0.132,0.297,.508,.632,.255,.296,.531,.355,0.682,0.974,0.003,1,0.309,.500,1,0,
262,Nemanja Bjelica,27.0,MIN,PF,60,0,1075.0,0.468,15.0,0.468,0.281,0.136,0.013,0.038,0.532,.564,.727,.344,.333,.222,.384,0.677,0.896,0.026,6,0.096,.500,0,0,
263,T.J. Warren,22.0,PHO,SF,47,4,1070.0,0.501,10.8,0.841,0.274,0.202,0.204,0.161,0.159,.520,.678,.438,.489,.394,.400,0.653,0.929,0.043,19,0.543,.447,2,0,
264,Eric Bledsoe,26.0,PHO,PG,31,31,1059.0,0.453,12.8,0.738,0.264,0.161,0.093,0.22,0.262,.482,.585,.367,.543,.417,.372,0.143,0.479,0.01,4,0.109,.143,0,0,
265,Shelvin Mack,25.0,2TM,PG,52,27,1058.0,0.439,12.3,0.699,0.217,0.28,0.092,0.113,0.301,.493,.689,.440,.395,.319,.312,0.294,0.667,0.0,0,0.304,.395,0,0,
265,Shelvin Mack,25.0,ATL,PG,24,0,179.0,0.421,12.4,0.716,0.242,0.211,0.116,0.147,0.284,.529,.739,.500,.455,.286,.148,0.361,0.5,0.0,0,0.259,.286,0,0,
265,Shelvin Mack,25.0,UTA,PG,28,27,879.0,0.444,12.2,0.694,0.209,0.3,0.084,0.103,0.306,.482,.672,.427,.370,.333,.357,0.271,0.686,0.0,0,0.316,.419,0,0,
266,Brandon Rush,30.0,GSW,SG,72,25,1055.0,0.427,17.6,0.396,0.196,0.062,0.042,0.096,0.604,.447,.549,.250,.273,.440,.414,0.891,0.908,0.038,8,0.42,.364,0,0,
267,Terrence Jones,24.0,HOU,PF,50,11,1044.0,0.452,8.5,0.785,0.444,0.27,0.027,0.044,0.215,.490,.638,.293,.200,.375,.316,0.716,0.92,0.093,29,0.203,.250,1,0,
268,Joffrey Lauvergne,24.0,DEN,C,59,15,1041.0,0.513,8.4,0.861,0.405,0.247,0.053,0.155,0.139,.557,.643,.489,.350,.508,.245,0.714,0.923,0.116,37,0.377,.200,0,0,
269,Jameer Nelson,33.0,DEN,PG,39,15,1036.0,0.368,17.3,0.531,0.15,0.107,0.052,0.221,0.469,.429,.630,.273,.375,.382,.299,0.2,0.512,0.0,0,0.076,.273,0,0,
270,Spencer Hawes,27.0,CHO,PF,57,6,1035.0,0.405,12.6,0.667,0.281,0.173,0.134,0.078,0.333,.422,.558,.358,.317,.250,.373,0.616,1.0,0.033,10,0.255,.423,0,0,
271,Nick Young,30.0,LAL,SG,54,2,1033.0,0.339,21.0,0.363,0.038,0.022,0.099,0.204,0.637,.363,.429,.250,.405,.342,.325,0.49,0.805,0.003,0,0.224,.415,0,0,
272,Jarrett Jack,32.0,BRK,PG,32,32,1027.0,0.391,15.4,0.715,0.109,0.201,0.098,0.307,0.285,.426,.615,.319,.343,.455,.304,0.174,0.548,0.0,0,0.235,.333,2,0,
273,Vince Carter,39.0,MEM,SG,60,3,1005.0,0.388,16.9,0.507,0.207,0.093,0.073,0.134,0.493,.425,.535,.313,.360,.370,.349,0.5,0.864,0.052,16,0.172,.345,4,2,
274,Rashad Vaughn,19.0,MIL,SG,70,6,1001.0,0.305,17.2,0.447,0.154,0.094,0.083,0.117,0.553,.319,.341,.240,.227,.419,.293,0.789,1.0,0.008,1,0.449,.258,0,0,
275,Dwight Powell,24.0,DAL,PF,69,2,992.0,0.493,8.4,0.946,0.473,0.108,0.071,0.294,0.054,.514,.714,.250,.333,.333,.125,0.889,1.0,0.149,38,0.375,.333,0,0,
276,Steve Blake,35.0,DET,PG,58,2,986.0,0.388,21.0,0.371,0.104,0.05,0.058,0.158,0.629,.461,.720,.250,.214,.447,.344,0.195,0.712,0.0,0,0.258,.462,8,0,
277,Markel Brown,24.0,BRK,SG,62,6,982.0,0.394,14.6,0.624,0.255,0.109,0.04,0.22,0.376,.443,.573,.314,.385,.366,.314,0.528,0.842,0.056,16,0.322,.436,0,0,
278,Kyle Singler,27.0,OKC,SF,68,2,977.0,0.389,14.1,0.561,0.213,0.204,0.068,0.077,0.439,.452,.553,.400,.533,.235,.309,0.732,1.0,0.018,4,0.598,.293,1,0,
279,John Henson,25.0,MIL,C,57,1,960.0,0.564,3.3,0.997,0.536,0.405,0.041,0.014,0.003,.566,.647,.475,.583,.000,.000,0.756,0.0,0.12,30,0.0,,0,0,
280,Chase Budinger,27.0,2TM,SF,66,2,929.0,0.435,11.3,0.64,0.364,0.142,0.063,0.071,0.36,.523,.678,.324,.400,.235,.279,0.6,0.958,0.059,14,0.43,.270,0,0,
280,Chase Budinger,27.0,IND,SF,49,2,729.0,0.418,12.3,0.644,0.33,0.155,0.072,0.088,0.356,.488,.656,.333,.357,.235,.290,0.607,0.95,0.062,12,0.42,.276,0,0,
280,Chase Budinger,27.0,PHO,SF,17,0,200.0,0.511,10.3,0.622,0.511,0.089,0.022,0.0,0.378,.679,.739,.250,1.000,,.235,0.579,1.0,0.044,2,0.471,.250,0,0,
281,Anthony Morrow,30.0,OKC,SG,68,6,926.0,0.408,19.1,0.387,0.06,0.093,0.114,0.117,0.613,.442,.500,.484,.342,.487,.387,0.526,0.911,0.0,0,0.412,.393,0,0,
282,James Johnson,28.0,TOR,PF,57,32,926.0,0.475,9.3,0.725,0.475,0.167,0.029,0.054,0.275,.540,.632,.400,.286,.308,.303,0.34,1.0,0.067,16,0.515,.265,1,0,
283,Thomas Robinson,24.0,BRK,PF,71,7,917.0,0.447,4.8,0.997,0.588,0.21,0.127,0.072,0.003,.448,.608,.230,.189,.238,.000,0.531,0.0,0.124,32,0.0,,1,0,
284,Sasha Vujačić,31.0,NYK,SG,61,25,908.0,0.383,19.2,0.484,0.112,0.022,0.065,0.285,0.516,.403,.548,.000,.167,.430,.364,0.704,0.942,0.0,0,0.217,.323,0,0,
285,David Lee,32.0,2TM,PF,55,5,903.0,0.531,3.9,0.997,0.606,0.281,0.054,0.057,0.003,.533,.635,.383,.389,.316,.000,0.674,0.0,0.093,30,0.0,,0,0,
285,David Lee,32.0,BOS,PF,30,4,470.0,0.453,4.6,0.995,0.557,0.302,0.068,0.068,0.005,.455,.533,.379,.385,.231,.000,0.609,0.0,0.057,10,0.0,,0,0,
285,David Lee,32.0,DAL,PF,25,1,433.0,0.636,3.2,1.0,0.671,0.252,0.035,0.042,0.0,.636,.750,.389,.400,.500,,0.736,0.0,0.14,20,0.0,,0,0,
286,Josh Smith,30.0,2TM,PF,55,7,880.0,0.364,13.7,0.59,0.238,0.229,0.04,0.083,0.41,.417,.627,.300,.214,.241,.287,0.605,0.951,0.049,14,0.133,.263,2,0,
286,Josh Smith,30.0,LAC,PF,32,1,459.0,0.383,12.3,0.678,0.283,0.233,0.05,0.111,0.322,.418,.608,.333,.111,.250,.310,0.627,0.944,0.078,11,0.069,.500,1,0,
286,Josh Smith,30.0,HOU,PF,23,6,421.0,0.343,15.1,0.497,0.189,0.225,0.03,0.053,0.503,.417,.656,.263,.400,.222,.271,0.571,0.957,0.018,3,0.176,.200,1,0,
287,Quincy Acy,25.0,SAC,PF,59,29,876.0,0.556,9.7,0.771,0.458,0.121,0.037,0.154,0.229,.606,.735,.385,.500,.424,.388,0.71,0.947,0.215,43,0.347,.529,0,0,
288,Miles Plumlee,27.0,MIL,C,61,14,870.0,0.601,2.6,1.0,0.687,0.258,0.043,0.013,0.0,.601,.638,.550,.500,.000,,0.75,0.0,0.305,64,0.0,,0,0,
289,Marcelo Huertas,32.0,LAL,PG,53,0,869.0,0.422,13.0,0.735,0.187,0.283,0.157,0.109,0.265,.479,.605,.477,.389,.400,.262,0.284,0.813,0.0,0,0.131,.125,6,0,
290,Brandon Jennings,26.0,2TM,PG,48,7,868.0,0.368,17.4,0.49,0.155,0.118,0.066,0.148,0.51,.409,.574,.361,.400,.289,.329,0.246,0.608,0.0,0,0.181,.321,3,0,
290,Brandon Jennings,26.0,DET,PG,23,1,416.0,0.371,17.2,0.462,0.189,0.14,0.028,0.098,0.538,.439,.593,.400,.250,.286,.312,0.345,0.375,0.0,0,0.169,.308,3,0,
290,Brandon Jennings,26.0,ORL,PG,25,6,452.0,0.366,17.5,0.516,0.124,0.099,0.099,0.193,0.484,.386,.550,.313,.438,.290,.346,0.156,0.815,0.0,0,0.192,.333,0,0,
291,Solomon Hill,24.0,IND,SF,59,3,866.0,0.447,12.1,0.644,0.341,0.163,0.091,0.053,0.356,.515,.648,.353,.368,.364,.324,0.493,1.0,0.063,12,0.365,.444,2,0,
292,Tim Hardaway Jr.,23.0,ATL,SG,51,1,864.0,0.43,17.0,0.46,0.226,0.057,0.042,0.14,0.54,.541,.700,.333,.455,.378,.336,0.697,0.938,0.034,9,0.294,.357,2,0,
293,Tyler Johnson,23.0,MIA,SG,36,5,863.0,0.486,13.0,0.708,0.329,0.111,0.07,0.198,0.292,.529,.625,.407,.529,.438,.380,0.462,0.963,0.045,6,0.31,.545,3,0,
294,Alexis Ajinça,27.0,NOP,C,59,17,861.0,0.476,9.4,0.997,0.283,0.257,0.108,0.346,0.003,.478,.674,.346,.324,.468,.000,0.767,0.0,0.098,27,0.0,,0,0,
295,Chris Johnson,25.0,UTA,SF,70,2,857.0,0.371,15.4,0.49,0.247,0.088,0.072,0.082,0.51,.474,.667,.118,.286,.438,.273,0.489,0.963,0.021,3,0.606,.267,1,0,
296,Johnny O'Bryant,22.0,MIL,PF,66,4,857.0,0.411,9.3,0.995,0.344,0.177,0.096,0.378,0.005,.409,.472,.351,.200,.430,1.000,0.729,1.0,0.053,10,1.0,1.000,0,0,
297,Luke Babbitt,26.0,NOP,SF,47,13,845.0,0.422,12.9,0.623,0.218,0.263,0.104,0.038,0.377,.433,.429,.447,.400,.455,.404,0.538,0.955,0.01,3,0.22,.292,0,0,
298,Kris Humphries,30.0,3TM,PF,53,17,835.0,0.41,14.2,0.634,0.224,0.125,0.085,0.2,0.366,.465,.621,.216,.440,.458,.315,0.782,0.941,0.064,18,0.167,.278,1,0,
298,Kris Humphries,30.0,WAS,PF,28,14,466.0,0.405,15.7,0.576,0.222,0.101,0.076,0.177,0.424,.451,.629,.125,.333,.464,.343,0.756,0.913,0.051,7,0.164,.273,1,0,
298,Kris Humphries,30.0,PHO,PF,4,3,74.0,0.278,12.9,0.722,0.306,0.139,0.028,0.25,0.278,.269,.364,.000,.000,.333,.300,0.857,1.0,0.083,3,0.2,.500,0,0,
298,Kris Humphries,30.0,ATL,PF,21,0,295.0,0.465,14.1,0.693,0.198,0.158,0.119,0.218,0.307,.557,.750,.375,.583,.500,.258,0.795,1.0,0.079,8,0.161,.200,0,0,
299,Marreese Speights,28.0,GSW,C,72,0,832.0,0.432,12.5,0.864,0.252,0.147,0.079,0.386,0.136,.439,.513,.358,.278,.455,.387,0.803,0.917,0.05,17,0.097,.333,1,0,
300,Pablo Prigioni,38.0,LAC,PG,59,3,823.0,0.374,19.2,0.354,0.19,0.068,0.075,0.02,0.646,.519,.643,.400,.273,.667,.295,0.148,0.571,0.0,0,0.116,.455,4,0,
301,Andrew Nicholson,26.0,ORL,PF,56,0,823.0,0.471,12.7,0.632,0.21,0.294,0.087,0.042,0.368,.536,.708,.484,.370,.385,.360,0.362,0.976,0.061,17,0.167,.421,0,0,
302,Jonathon Simmons,26.0,SAS,SG,55,2,813.0,0.504,8.4,0.806,0.479,0.194,0.054,0.074,0.194,.533,.664,.340,.385,.333,.383,0.558,1.0,0.124,26,0.447,.524,2,0,
303,Gary Neal,31.0,WAS,SG,40,2,807.0,0.465,16.3,0.692,0.071,0.16,0.157,0.305,0.308,.489,.652,.538,.412,.465,.410,0.473,0.659,0.0,0,0.19,.368,0,0,
304,Cole Aldrich,27.0,LAC,C,60,5,800.0,0.596,2.8,1.0,0.56,0.427,0.013,0.0,0.0,.596,.667,.521,.000,,,0.776,0.0,0.093,17,0.0,,0,0,
305,Alec Burks,24.0,UTA,SG,31,3,797.0,0.41,12.1,0.763,0.278,0.168,0.132,0.186,0.237,.412,.570,.321,.341,.306,.405,0.238,0.625,0.024,8,0.354,.429,2,0,
306,DeMarre Carroll,29.0,TOR,SF,26,22,786.0,0.389,14.3,0.563,0.219,0.207,0.063,0.074,0.437,.388,.576,.286,.235,.250,.390,0.542,0.957,0.019,5,0.22,.385,0,0,
307,Justin Holiday,26.0,2TM,SG,53,5,773.0,0.386,15.3,0.539,0.263,0.088,0.061,0.127,0.461,.423,.483,.250,.214,.517,.343,0.692,0.972,0.053,12,0.362,.368,0,0,
307,Justin Holiday,26.0,ATL,SG,26,1,263.0,0.329,16.4,0.384,0.233,0.068,0.027,0.055,0.616,.500,.471,.400,.500,.750,.222,0.786,1.0,0.055,4,0.578,.231,0,0,
307,Justin Holiday,26.0,CHI,SG,27,4,510.0,0.413,14.2,0.613,0.277,0.097,0.077,0.161,0.387,.400,.488,.200,.167,.480,.433,0.658,0.962,0.052,8,0.2,.667,0,0,
308,Festus Ezeli,26.0,GSW,C,46,13,770.0,0.548,2.9,1.0,0.649,0.272,0.061,0.018,0.0,.548,.682,.339,.143,.250,,0.816,0.0,0.342,68,0.0,,0,0,
309,Tyreke Evans,26.0,NOP,SG,25,25,765.0,0.433,10.3,0.729,0.513,0.07,0.016,0.127,0.271,.450,.509,.227,.000,.400,.388,0.204,0.545,0.003,1,0.059,.000,0,0,
310,Kyle O'Quinn,25.0,NYK,PF,65,1,764.0,0.476,10.6,0.919,0.299,0.166,0.151,0.303,0.081,.498,.630,.378,.488,.439,.227,0.637,0.6,0.026,7,0.136,.000,0,0,
311,Amar'e Stoudemire,33.0,MIA,C,52,36,762.0,0.566,4.8,1.0,0.624,0.163,0.063,0.149,0.0,.566,.623,.472,.500,.455,,0.712,0.0,0.158,34,0.0,,0,0,
312,Mo Williams,33.0,CLE,PG,41,14,748.0,0.437,17.0,0.662,0.093,0.096,0.146,0.328,0.338,.480,.536,.379,.409,.525,.353,0.24,0.833,0.0,0,0.275,.357,1,1,
313,Tim Frazier,25.0,2TM,PG,51,2,741.0,0.419,12.4,0.79,0.284,0.144,0.148,0.218,0.21,.442,.569,.364,.294,.420,.333,0.288,0.563,0.004,1,0.042,.000,0,0,
313,Tim Frazier,25.0,POR,PG,35,1,272.0,0.333,12.6,0.717,0.3,0.15,0.1,0.183,0.283,.395,.444,.444,.333,.273,.176,0.471,0.667,0.017,1,0.059,.000,0,0,
313,Tim Frazier,25.0,NOP,PG,16,1,469.0,0.45,12.2,0.817,0.278,0.142,0.166,0.231,0.183,.457,.617,.333,.286,.462,.419,0.238,0.538,0.0,0,0.032,.000,0,0,
314,Norman Powell,22.0,TOR,SG,49,24,725.0,0.424,13.7,0.611,0.279,0.109,0.083,0.144,0.389,.436,.609,.120,.316,.394,.404,0.344,0.944,0.061,14,0.461,.512,0,0,
315,James Anderson,26.0,SAC,SG,51,15,721.0,0.376,14.8,0.517,0.253,0.152,0.051,0.062,0.483,.478,.622,.407,.000,.455,.267,0.523,0.87,0.039,6,0.198,.412,1,0,
316,Tyler Zeller,26.0,BOS,C,60,3,710.0,0.476,7.0,1.0,0.434,0.252,0.072,0.241,0.0,.476,.675,.301,.190,.386,,0.783,0.0,0.066,16,0.0,,0,0,
317,Beno Udrih,33.0,2TM,PG,44,5,707.0,0.434,14.4,0.778,0.187,0.051,0.247,0.288,0.222,.461,.514,.400,.531,.386,.341,0.352,0.933,0.0,0,0.318,.500,2,0,
317,Beno Udrih,33.0,MEM,PG,8,0,120.0,0.435,14.0,0.761,0.239,0.065,0.174,0.283,0.239,.457,.455,.667,.500,.385,.364,0.438,1.0,0.0,0,0.455,.600,0,0,
317,Beno Udrih,33.0,MIA,PG,36,5,587.0,0.434,14.9,0.783,0.171,0.046,0.27,0.289,0.217,.462,.538,.286,.537,.386,.333,0.327,0.909,0.0,0,0.273,.444,2,0,
318,Dewayne Dedmon,26.0,ORL,C,58,20,705.0,0.559,4.3,1.0,0.599,0.232,0.09,0.079,0.0,.559,.651,.415,.500,.357,,0.778,0.0,0.249,38,0.0,,0,0,
319,Mike Dunleavy,35.0,CHI,SF,31,30,703.0,0.41,15.8,0.473,0.277,0.053,0.048,0.096,0.527,.427,.596,.100,.111,.278,.394,0.763,1.0,0.005,1,0.222,.409,0,0,
320,Richaun Holmes,22.0,PHI,PF,51,1,702.0,0.514,7.7,0.802,0.572,0.126,0.072,0.032,0.198,.596,.724,.214,.375,.286,.182,0.717,1.0,0.212,46,0.091,.250,2,0,
321,Nick Collison,35.0,OKC,PF,59,4,699.0,0.459,5.0,0.982,0.523,0.294,0.073,0.092,0.018,.467,.509,.406,.500,.400,.000,0.66,0.0,0.046,4,0.5,.000,0,0,
322,Cameron Payne,21.0,OKC,PG,57,1,698.0,0.41,15.3,0.601,0.129,0.194,0.162,0.115,0.399,.467,.472,.426,.489,.500,.324,0.141,0.778,0.004,1,0.279,.355,1,0,
323,Seth Curry,25.0,SAC,PG,44,9,692.0,0.455,17.7,0.504,0.089,0.147,0.071,0.196,0.496,.460,.700,.394,.563,.364,.450,0.423,0.78,0.0,0,0.243,.556,1,0,
324,Kelly Oubre Jr.,20.0,WAS,SF,63,9,671.0,0.427,11.6,0.626,0.417,0.142,0.024,0.043,0.374,.492,.591,.333,.600,.000,.316,0.523,1.0,0.109,19,0.291,.304,1,0,
325,Charlie Villanueva,31.0,DAL,PF,62,4,665.0,0.382,15.5,0.474,0.19,0.202,0.046,0.037,0.526,.503,.629,.424,.467,.333,.273,0.564,0.979,0.012,4,0.163,.357,0,0,
326,Jeff Withey,25.0,UTA,C,51,10,658.0,0.537,4.2,0.988,0.586,0.259,0.086,0.056,0.012,.544,.653,.405,.429,.222,.000,0.805,0.0,0.198,27,0.0,,1,0,
327,C.J. Watson,31.0,ORL,PG,33,2,656.0,0.343,15.8,0.65,0.197,0.102,0.102,0.248,0.35,.371,.481,.357,.571,.206,.292,0.424,0.929,0.0,0,0.292,.643,2,0,
328,Tyler Ennis,21.0,MIL,PG,46,7,654.0,0.449,10.5,0.791,0.38,0.144,0.187,0.08,0.209,.480,.563,.296,.486,.400,.333,0.338,1.0,0.0,0,0.179,.714,1,0,
329,Justin Anderson,22.0,DAL,SF,55,9,647.0,0.406,14.9,0.526,0.251,0.097,0.063,0.114,0.474,.533,.773,.235,.455,.300,.265,0.449,0.909,0.097,17,0.41,.294,0,0,
330,Joakim Noah,30.0,CHI,C,29,2,635.0,0.383,2.9,0.992,0.737,0.195,0.015,0.045,0.008,.386,.439,.192,.500,.333,.000,0.588,0.0,0.075,9,0.0,,0,0,
331,Andrea Bargnani,30.0,BRK,C,46,0,634.0,0.455,13.8,0.943,0.14,0.122,0.194,0.487,0.057,.471,.462,.471,.593,.426,.188,0.863,1.0,0.0,0,0.0,,1,0,
332,Kirk Hinrich,35.0,2TM,PG,46,7,631.0,0.38,15.9,0.519,0.194,0.109,0.07,0.147,0.481,.373,.480,.286,.000,.474,.387,0.44,0.708,0.0,0,0.258,.438,0,0,
332,Kirk Hinrich,35.0,CHI,PG,35,7,555.0,0.398,16.3,0.525,0.186,0.119,0.059,0.161,0.475,.387,.500,.286,.000,.474,.411,0.417,0.696,0.0,0,0.25,.429,0,0,
332,Kirk Hinrich,35.0,ATL,PG,11,0,76.0,0.182,15.5,0.455,0.273,0.0,0.182,0.0,0.545,.200,.333,,.000,,.167,1.0,1.0,0.0,0,0.333,.500,0,0,
333,Sean Kilpatrick,26.0,2TM,SG,31,0,616.0,0.456,16.8,0.578,0.252,0.148,0.081,0.096,0.422,.538,.691,.375,.500,.423,.342,0.571,0.872,0.015,3,0.333,.395,0,0,
333,Sean Kilpatrick,26.0,DEN,SG,8,0,82.0,0.381,19.9,0.19,0.095,0.095,0.0,0.0,0.81,1.000,1.000,1.000,,,.235,0.25,1.0,0.0,0,0.471,.250,0,0,
333,Sean Kilpatrick,26.0,BRK,SG,23,0,534.0,0.462,13.7,0.61,0.265,0.153,0.088,0.104,0.39,.526,.682,.342,.500,.423,.361,0.588,0.857,0.016,3,0.309,.433,0,0,
334,Rondae Hollis-Jefferson,21.0,BRK,SF,29,17,615.0,0.457,9.2,0.899,0.449,0.138,0.08,0.232,0.101,.476,.581,.158,.636,.406,.286,0.576,0.75,0.065,9,0.357,.200,0,0,
335,Shabazz Napier,24.0,ORL,PG,55,0,600.0,0.338,18.1,0.483,0.134,0.07,0.065,0.214,0.517,.351,.259,.357,.385,.395,.327,0.206,0.647,0.0,0,0.154,.250,0,0,
336,Anthony Brown,23.0,LAL,SF,29,11,599.0,0.31,18.1,0.444,0.143,0.063,0.087,0.151,0.556,.339,.389,.125,.455,.316,.286,0.684,0.95,0.008,1,0.314,.318,0,0,
337,Josh McRoberts,28.0,MIA,PF,42,1,595.0,0.372,13.4,0.669,0.264,0.176,0.088,0.142,0.331,.434,.564,.423,.154,.381,.245,0.581,1.0,0.061,8,0.082,.250,1,0,
338,Metta World Peace,36.0,LAL,SF,35,5,590.0,0.311,15.0,0.525,0.254,0.107,0.062,0.102,0.475,.312,.333,.211,.273,.389,.310,0.414,0.923,0.006,1,0.381,.313,0,0,
339,Tiago Splitter,31.0,ATL,C,36,2,579.0,0.523,3.0,0.987,0.748,0.194,0.013,0.032,0.013,.529,.595,.333,.000,.400,.000,0.753,0.0,0.077,12,0.5,.000,1,0,
340,Ian Clark,24.0,GSW,SG,66,1,578.0,0.441,14.5,0.584,0.238,0.139,0.114,0.094,0.416,.500,.625,.357,.391,.526,.357,0.492,0.933,0.005,1,0.333,.321,0,0,
341,Tyus Jones,19.0,MIN,PG,37,0,573.0,0.359,13.5,0.66,0.205,0.231,0.096,0.128,0.34,.388,.531,.389,.200,.300,.302,0.275,0.625,0.0,0,0.189,.300,0,0,
342,Carl Landry,32.0,PHI,PF,36,12,569.0,0.556,10.3,0.948,0.368,0.112,0.116,0.352,0.052,.561,.750,.357,.552,.432,.462,0.759,1.0,0.048,12,0.154,.500,0,0,
343,Mike Muscala,24.0,ATL,C,60,0,565.0,0.5,11.9,0.743,0.342,0.125,0.092,0.184,0.257,.566,.673,.632,.286,.464,.308,0.797,1.0,0.046,6,0.308,.250,1,0,
344,Kevin Garnett,39.0,MIN,PF,38,38,556.0,0.47,13.6,0.991,0.157,0.122,0.139,0.574,0.009,.474,.667,.500,.313,.455,.000,0.944,0.0,0.017,1,1.0,.000,0,0,
345,Donatas Motiejūnas,25.0,HOU,PF,37,22,547.0,0.439,10.8,0.722,0.205,0.4,0.098,0.02,0.278,.500,.595,.488,.350,.500,.281,0.716,1.0,0.01,2,0.368,.143,0,0,
346,Jusuf Nurkić,21.0,DEN,C,32,3,547.0,0.417,4.5,0.988,0.483,0.397,0.041,0.066,0.012,.423,.496,.344,.300,.438,.000,0.743,0.0,0.045,11,0.0,,0,0,
347,Kendrick Perkins,31.0,NOP,C,37,5,542.0,0.533,6.3,1.0,0.347,0.453,0.067,0.133,0.0,.533,.654,.529,.200,.400,,0.85,0.0,0.027,2,0.0,,0,0,
348,Kevin Séraphin,26.0,NYK,C,48,0,526.0,0.41,9.2,0.99,0.2,0.337,0.283,0.171,0.01,.414,.537,.435,.328,.371,.000,0.607,0.0,0.044,7,0.0,,1,0,
349,Boban Marjanović,27.0,SAS,C,54,4,508.0,0.603,4.6,1.0,0.483,0.345,0.132,0.04,0.0,.603,.738,.500,.391,.571,,0.619,0.0,0.201,32,0.0,,0,0,
350,Glenn Robinson III,22.0,IND,SF,45,4,508.0,0.43,11.9,0.755,0.331,0.139,0.06,0.225,0.245,.447,.580,.476,.222,.294,.378,0.627,0.929,0.113,15,0.405,.400,0,0,
351,Sonny Weems,29.0,2TM,SF,43,0,499.0,0.382,14.1,0.627,0.255,0.118,0.127,0.127,0.373,.391,.500,.385,.143,.429,.366,0.63,1.0,0.036,4,0.39,.375,0,0,
351,Sonny Weems,29.0,PHO,SG,36,0,421.0,0.393,14.9,0.64,0.247,0.101,0.135,0.157,0.36,.386,.500,.333,.167,.429,.406,0.591,1.0,0.034,3,0.406,.462,0,0,
351,Sonny Weems,29.0,PHI,SF,7,0,78.0,0.333,13.4,0.571,0.286,0.19,0.095,0.0,0.429,.417,.500,.500,.000,,.222,0.8,1.0,0.048,1,0.333,.000,0,0,
352,Tarik Black,24.0,LAL,C,39,0,496.0,0.548,2.8,1.0,0.702,0.24,0.038,0.029,0.0,.548,.658,.320,.250,.000,,0.737,0.0,0.346,31,0.0,,0,0,
353,Anderson Varejão,33.0,2TM,C,53,0,496.0,0.427,7.9,0.992,0.379,0.202,0.194,0.218,0.008,.431,.511,.400,.500,.259,.000,0.717,0.0,0.008,1,0.0,,0,0,
353,Anderson Varejão,33.0,CLE,C,31,0,310.0,0.421,9.3,0.987,0.289,0.224,0.25,0.224,0.013,.427,.545,.294,.474,.353,.000,0.75,0.0,0.0,0,0.0,,0,0,
353,Anderson Varejão,33.0,GSW,C,22,0,186.0,0.438,6.5,1.0,0.521,0.167,0.104,0.208,0.0,.438,.480,.625,.600,.100,,0.667,0.0,0.021,1,0.0,,0,0,
354,Adreian Payne,24.0,MIN,PF,52,2,486.0,0.366,12.6,0.779,0.228,0.214,0.076,0.262,0.221,.389,.606,.258,.273,.342,.281,0.591,0.889,0.069,9,0.25,.250,0,0,
355,John Jenkins,24.0,2TM,SG,43,3,480.0,0.444,15.6,0.681,0.169,0.119,0.056,0.338,0.319,.505,.704,.368,.333,.481,.314,0.6,0.875,0.0,0,0.294,.467,0,0,
355,John Jenkins,24.0,DAL,SG,21,1,193.0,0.414,15.4,0.729,0.129,0.157,0.071,0.371,0.271,.510,.778,.455,.400,.462,.158,0.615,1.0,0.0,0,0.263,.200,0,0,
355,John Jenkins,24.0,PHO,SG,22,2,287.0,0.467,15.7,0.644,0.2,0.089,0.044,0.311,0.356,.500,.667,.250,.250,.500,.406,0.586,0.846,0.0,0,0.313,.600,0,0,
356,Troy Daniels,24.0,CHO,SG,43,0,476.0,0.476,21.2,0.348,0.037,0.053,0.064,0.193,0.652,.462,.571,.400,.250,.528,.484,0.8,0.949,0.0,0,0.254,.613,0,0,
357,Ray McCallum,24.0,2TM,PG,41,6,475.0,0.377,13.8,0.712,0.226,0.089,0.178,0.219,0.288,.385,.606,.154,.346,.281,.357,0.45,0.933,0.007,1,0.31,.308,0,0,
357,Ray McCallum,24.0,SAS,PG,31,3,256.0,0.403,12.1,0.761,0.299,0.09,0.224,0.149,0.239,.431,.600,.167,.400,.300,.313,0.455,1.0,0.015,1,0.5,.375,0,0,
357,Ray McCallum,24.0,MEM,PG,10,3,219.0,0.354,15.5,0.671,0.165,0.089,0.139,0.278,0.329,.340,.615,.143,.273,.273,.385,0.444,0.9,0.0,0,0.192,.200,0,0,
358,Jason Thompson,29.0,2TM,C,47,7,471.0,0.481,7.7,0.861,0.398,0.269,0.111,0.083,0.139,.505,.651,.414,.250,.444,.333,0.66,1.0,0.074,8,0.133,.000,0,0,
358,Jason Thompson,29.0,GSW,C,28,1,179.0,0.476,5.7,1.0,0.405,0.381,0.167,0.048,0.0,.476,.647,.313,.429,.500,,0.6,0.0,0.095,4,0.0,,0,0,
358,Jason Thompson,29.0,TOR,C,19,6,292.0,0.485,9.7,0.773,0.394,0.197,0.076,0.106,0.227,.529,.654,.538,.000,.429,.333,0.704,1.0,0.061,4,0.133,.000,0,0,
359,Ryan Kelly,24.0,LAL,PF,36,0,470.0,0.369,12.9,0.752,0.242,0.188,0.134,0.188,0.248,.446,.500,.393,.300,.536,.135,0.72,1.0,0.027,3,0.216,.125,1,0,
360,Brian Roberts,30.0,2TM,PG,51,0,470.0,0.448,14.9,0.745,0.188,0.115,0.091,0.352,0.255,.480,.645,.368,.333,.466,.357,0.356,0.667,0.0,0,0.167,.286,0,0,
360,Brian Roberts,30.0,CHO,PG,30,0,333.0,0.443,14.8,0.765,0.191,0.104,0.096,0.374,0.235,.477,.591,.417,.273,.488,.333,0.357,0.556,0.0,0,0.111,.000,0,0,
360,Brian Roberts,30.0,POR,PG,21,0,137.0,0.46,15.1,0.7,0.18,0.14,0.08,0.3,0.3,.486,.778,.286,.500,.400,.400,0.353,0.833,0.0,0,0.267,.500,0,0,
361,James Jones,35.0,CLE,SF,48,0,463.0,0.408,21.7,0.268,0.035,0.021,0.106,0.113,0.732,.447,.800,.667,.333,.438,.394,0.765,0.927,0.007,1,0.212,.455,0,0,
362,Andre Miller,39.0,2TM,PG,39,4,461.0,0.557,8.4,0.925,0.462,0.179,0.208,0.075,0.075,.582,.612,.579,.500,.625,.250,0.333,1.0,0.0,0,0.125,.000,3,0,
362,Andre Miller,39.0,MIN,PG,26,0,280.0,0.621,8.5,0.931,0.534,0.138,0.19,0.069,0.069,.648,.677,.625,.545,.750,.250,0.371,1.0,0.0,0,0.0,,3,0,
362,Andre Miller,39.0,SAS,PG,13,4,181.0,0.479,8.4,0.917,0.375,0.229,0.229,0.083,0.083,.500,.500,.545,.455,.500,.250,0.273,1.0,0.0,0,0.25,.000,0,0,
363,Greivis Vásquez,29.0,MIL,PG,23,0,460.0,0.326,16.9,0.471,0.174,0.13,0.072,0.094,0.529,.415,.458,.278,.600,.385,.247,0.444,0.667,0.0,0,0.137,.200,2,0,
364,Ryan Hollins,31.0,2TM,C,37,12,460.0,0.62,4.4,1.0,0.633,0.304,0.038,0.025,0.0,.620,.700,.458,1.000,.000,,0.714,0.0,0.354,24,0.0,,0,0,
364,Ryan Hollins,31.0,WAS,C,5,3,48.0,0.571,6.3,1.0,0.429,0.286,0.143,0.143,0.0,.571,.667,.500,1.000,.000,,0.75,0.0,0.143,1,0.0,,0,0,
364,Ryan Hollins,31.0,MEM,C,32,9,412.0,0.625,2.4,1.0,0.653,0.306,0.028,0.014,0.0,.625,.702,.455,1.000,.000,,0.711,0.0,0.375,23,0.0,,0,0,
365,J.J. Hickson,27.0,2TM,C,35,9,436.0,0.516,5.2,0.994,0.561,0.213,0.135,0.084,0.006,.519,.690,.303,.286,.308,.000,0.713,0.0,0.187,29,0.0,,0,0,
365,J.J. Hickson,27.0,DEN,C,20,9,305.0,0.505,4.7,1.0,0.587,0.183,0.147,0.083,0.0,.505,.672,.250,.188,.444,,0.764,0.0,0.211,23,0.0,,0,0,
365,J.J. Hickson,27.0,WAS,C,15,0,131.0,0.543,5.7,0.978,0.5,0.283,0.109,0.087,0.022,.556,.739,.385,.600,.000,.000,0.6,0.0,0.13,6,0.0,,0,0,
366,Rasual Butler,36.0,SAS,SF,46,0,432.0,0.471,16.0,0.529,0.183,0.115,0.106,0.135,0.471,.618,.789,.250,.455,.786,.306,0.676,1.0,0.029,3,0.388,.316,0,0,
367,Reggie Bullock,24.0,DET,SF,37,0,429.0,0.439,16.6,0.459,0.204,0.051,0.112,0.092,0.541,.467,.550,.400,.364,.444,.415,0.619,1.0,0.02,2,0.491,.500,0,0,
368,Willie Reed,25.0,BRK,C,39,2,426.0,0.571,3.7,1.0,0.609,0.286,0.06,0.045,0.0,.571,.704,.421,.250,.167,,0.684,0.0,0.211,24,0.0,,0,0,
369,Jared Cunningham,24.0,2TM,SG,44,3,410.0,0.343,14.0,0.629,0.362,0.124,0.029,0.114,0.371,.364,.579,.000,.333,.083,.308,0.667,1.0,0.086,7,0.487,.421,1,0,
369,Jared Cunningham,24.0,CLE,SG,40,3,355.0,0.352,11.9,0.648,0.385,0.11,0.033,0.121,0.352,.373,.571,.000,.333,.091,.313,0.682,1.0,0.099,7,0.5,.438,0,0,
369,Jared Cunningham,24.0,MIL,SG,4,0,55.0,0.286,16.1,0.5,0.214,0.214,0.0,0.071,0.5,.286,.667,.000,,.000,.286,0.5,1.0,0.0,0,0.429,.333,1,0,
370,Chris Andersen,37.0,2TM,C,27,15,402.0,0.528,10.8,0.806,0.639,0.056,0.028,0.083,0.194,.586,.674,.000,.000,.500,.286,0.676,1.0,0.097,7,0.071,.000,0,0,
370,Chris Andersen,37.0,MIA,C,7,1,36.0,0.4,15.2,0.5,0.3,0.1,0.0,0.1,0.5,.400,.667,.000,,.000,.400,0.0,1.0,0.1,1,0.0,,0,0,
370,Chris Andersen,37.0,MEM,C,20,14,366.0,0.548,6.4,0.855,0.694,0.048,0.032,0.081,0.145,.604,.674,.000,.000,.600,.222,0.719,1.0,0.097,6,0.111,.000,0,0,
371,Kendall Marshall,24.0,PHI,PG,30,6,400.0,0.364,16.4,0.585,0.169,0.127,0.119,0.169,0.415,.391,.550,.267,.429,.300,.327,0.296,0.875,0.0,0,0.224,.364,1,0,
372,Sergey Karasev,22.0,BRK,SF,40,5,399.0,0.405,17.2,0.5,0.203,0.068,0.081,0.149,0.5,.514,.600,.800,.167,.455,.297,0.632,1.0,0.0,0,0.27,.200,1,0,
373,Salah Mejri,29.0,DAL,C,34,6,397.0,0.628,1.7,0.987,0.859,0.103,0.0,0.026,0.013,.636,.716,.125,,.000,.000,0.755,0.0,0.423,31,0.0,,0,0,
374,Lamar Patterson,24.0,ATL,SG,35,0,395.0,0.35,17.3,0.388,0.25,0.025,0.05,0.063,0.613,.516,.650,.500,.250,.200,.245,0.75,0.917,0.0,0,0.265,.385,0,0,
375,Joe Young,23.0,IND,PG,41,0,384.0,0.367,14.7,0.728,0.207,0.136,0.071,0.32,0.272,.423,.571,.304,.333,.389,.217,0.173,0.7,0.03,4,0.196,.222,0,0,
376,Darrun Hilliard,22.0,DET,SG,38,2,383.0,0.397,15.9,0.618,0.214,0.099,0.076,0.237,0.382,.407,.571,.077,.400,.387,.380,0.424,0.895,0.015,2,0.4,.350,3,0,
377,Jarell Martin,21.0,MEM,PF,27,0,380.0,0.466,7.8,0.983,0.466,0.172,0.129,0.216,0.017,.474,.574,.350,.600,.280,.000,0.574,0.0,0.052,5,0.0,,1,0,
378,Montrezl Harrell,22.0,HOU,PF,39,1,379.0,0.644,3.4,0.989,0.667,0.233,0.022,0.067,0.011,.652,.750,.524,.000,.333,.000,0.638,0.0,0.311,26,0.0,,0,0,
379,Mike Miller,35.0,DEN,SF,47,2,373.0,0.355,22.2,0.161,0.032,0.065,0.032,0.032,0.839,.300,.500,.250,.500,.000,.365,0.667,0.842,0.0,0,0.192,.400,0,0,
380,JaVale McGee,28.0,DAL,C,34,2,370.0,0.575,3.6,0.993,0.664,0.179,0.067,0.082,0.007,.579,.719,.250,.111,.545,.000,0.701,0.0,0.388,49,0.0,,0,0,
381,Michael Beasley,27.0,HOU,PF,20,0,363.0,0.522,8.9,0.956,0.361,0.205,0.161,0.229,0.044,.531,.649,.476,.455,.447,.333,0.567,1.0,0.049,10,0.667,.333,0,0,
382,Chris McCullough,20.0,BRK,PF,24,4,362.0,0.404,14.0,0.688,0.303,0.092,0.055,0.229,0.312,.413,.545,.300,.167,.360,.382,0.71,0.923,0.119,11,0.235,.250,1,0,
383,Tyler Hansbrough,30.0,CHO,PF,44,0,343.0,0.451,3.5,0.958,0.606,0.31,0.028,0.014,0.042,.441,.581,.182,.500,.000,.667,0.567,1.0,0.141,9,0.0,,0,0,
384,James Ennis III,25.0,3TM,SF,22,5,329.0,0.478,16.0,0.487,0.372,0.044,0.009,0.062,0.513,.509,.595,.200,.000,.286,.448,0.714,0.885,0.097,10,0.276,.563,0,0,
384,James Ennis III,25.0,MIA,SF,3,0,7.0,0.0,0.0,0.0,0.0,0.0,0.0,0.0,0.0,,,,,,,0.0,0.0,0.0,0,0.0,,0,0,
384,James Ennis III,25.0,MEM,SF,10,0,40.0,0.308,18.1,0.385,0.231,0.0,0.0,0.154,0.615,.400,.667,,,.000,.250,0.5,1.0,0.077,1,0.125,1.000,0,0,
384,James Ennis III,25.0,NOP,SF,9,5,282.0,0.5,13.8,0.5,0.39,0.05,0.01,0.05,0.5,.520,.590,.200,.000,.400,.480,0.731,0.875,0.1,9,0.3,.533,0,0,
385,Cristiano Felício,23.0,CHI,C,31,4,321.0,0.556,7.0,0.944,0.583,0.097,0.028,0.236,0.056,.588,.619,.571,.500,.529,.000,0.8,0.0,0.139,9,0.0,,0,0,
386,Robert Sacre,26.0,LAL,C,25,1,320.0,0.413,7.1,1.0,0.28,0.373,0.213,0.133,0.0,.413,.619,.143,.625,.400,,0.71,0.0,0.067,5,0.0,,0,0,
387,R.J. Hunter,22.0,BOS,SG,36,0,315.0,0.367,19.6,0.357,0.133,0.061,0.01,0.153,0.643,.486,.615,.333,1.000,.400,.302,0.647,0.842,0.031,3,0.365,.261,0,0,
388,Terry Rozier,21.0,BOS,PG,39,0,311.0,0.274,12.4,0.745,0.292,0.142,0.132,0.179,0.255,.291,.355,.200,.214,.316,.222,0.261,1.0,0.0,0,0.333,.333,0,0,
389,Drew Gooden,34.0,WAS,PF,30,0,305.0,0.32,15.3,0.602,0.243,0.087,0.107,0.175,0.398,.419,.480,.333,.364,.389,.171,0.423,1.0,0.019,1,0.146,.333,0,0,
390,Axel Toupane,23.0,DEN,SF,21,0,305.0,0.357,16.5,0.429,0.229,0.043,0.043,0.114,0.571,.400,.563,.000,.000,.375,.325,0.917,1.0,0.014,1,1.0,.325,0,0,
391,Jordan Hamilton,25.0,NOP,SF,11,4,304.0,0.422,14.0,0.612,0.293,0.121,0.086,0.112,0.388,.507,.647,.357,.300,.462,.289,0.389,0.769,0.017,2,0.156,.143,0,0,
392,Kostas Papanikolaou,25.0,DEN,SF,26,6,294.0,0.364,15.7,0.515,0.288,0.061,0.076,0.091,0.485,.412,.579,.000,.200,.333,.313,0.571,0.9,0.015,1,0.25,.250,1,0,
393,Jordan Farmar,29.0,MEM,PG,12,10,291.0,0.42,15.8,0.55,0.2,0.1,0.09,0.16,0.45,.473,.550,.300,.333,.563,.356,0.192,0.438,0.0,0,0.244,.364,0,0,
394,Phil Pressey,24.0,2TM,PG,23,0,283.0,0.385,9.8,0.769,0.462,0.115,0.051,0.141,0.231,.433,.583,.111,.500,.182,.222,0.115,0.5,0.038,1,0.056,.000,1,0,
394,Phil Pressey,24.0,PHI,PG,14,0,170.0,0.382,10.4,0.764,0.455,0.127,0.055,0.127,0.236,.405,.560,.000,.333,.286,.308,0.176,0.5,0.036,1,0.077,.000,1,0,
394,Phil Pressey,24.0,PHO,PG,9,0,113.0,0.391,9.3,0.783,0.478,0.087,0.043,0.174,0.217,.500,.636,.500,1.000,.000,.000,0.0,0.0,0.043,0,0.0,,0,0,
395,Bryce Dejean-Jones,23.0,NOP,SG,14,11,279.0,0.406,15.3,0.536,0.319,0.014,0.058,0.145,0.464,.432,.455,.000,.250,.500,.375,0.375,0.833,0.101,4,0.188,.333,0,0,
396,Damjan Rudež,29.0,MIN,SF,33,0,277.0,0.403,20.3,0.194,0.161,0.016,0.016,0.0,0.806,.667,.800,.000,.000,,.340,0.75,1.0,0.016,1,0.24,.250,1,0,
397,Henry Sims,25.0,BRK,C,14,4,263.0,0.429,7.8,1.0,0.416,0.195,0.195,0.182,0.0,.429,.531,.400,.333,.357,,0.879,0.0,0.039,3,0.0,,0,0,
398,James Michael McAdoo,23.0,GSW,PF,41,1,262.0,0.536,3.8,0.976,0.643,0.226,0.06,0.048,0.024,.537,.648,.105,.800,.750,.500,0.773,1.0,0.19,15,0.0,,0,0,
399,Udonis Haslem,35.0,MIA,PF,37,0,260.0,0.377,13.1,0.852,0.197,0.115,0.213,0.328,0.148,.423,.667,.571,.385,.250,.111,0.909,1.0,0.016,1,0.667,.167,0,0,
400,Jeremy Evans,28.0,DAL,SF,30,2,251.0,0.542,10.3,0.667,0.521,0.063,0.021,0.063,0.333,.688,.760,.333,.000,.667,.250,0.864,1.0,0.271,12,0.438,.143,0,0,
401,Devyn Marble,23.0,ORL,SG,28,0,249.0,0.296,15.8,0.549,0.239,0.07,0.07,0.169,0.451,.333,.529,.400,.000,.167,.250,0.462,1.0,0.0,0,0.25,.375,0,0,
402,Xavier Munford,23.0,MEM,SG,14,0,244.0,0.416,13.5,0.701,0.156,0.273,0.13,0.143,0.299,.426,.500,.429,.300,.455,.391,0.304,0.778,0.013,1,0.217,.400,0,0,
403,K.J. McDaniels,22.0,HOU,SF,37,1,235.0,0.403,11.0,0.653,0.403,0.139,0.056,0.056,0.347,.468,.552,.400,.250,.250,.280,0.545,0.857,0.153,10,0.36,.333,0,0,
404,Delon Wright,23.0,TOR,PG,27,1,229.0,0.45,8.2,0.838,0.513,0.188,0.063,0.088,0.163,.463,.561,.333,.200,.286,.385,0.161,0.2,0.013,1,0.154,.000,0,0,
405,Lucas Nogueira,23.0,TOR,C,29,1,225.0,0.636,3.1,0.932,0.818,0.068,0.023,0.023,0.068,.659,.722,.333,.000,.000,.333,0.963,1.0,0.409,17,0.0,,0,0,
406,Elton Brand,36.0,PHI,C,17,1,225.0,0.431,10.9,0.986,0.153,0.125,0.514,0.194,0.014,.437,.727,.444,.270,.643,.000,0.839,0.0,0.0,0,1.0,.000,0,0,
407,DeJuan Blair,26.0,WAS,C,29,0,218.0,0.412,8.2,0.985,0.382,0.25,0.221,0.132,0.015,.418,.538,.294,.400,.333,.000,0.821,0.0,0.0,0,0.0,,1,0,
408,Brandan Wright,28.0,MEM,PF,12,2,212.0,0.673,4.2,1.0,0.519,0.346,0.058,0.077,0.0,.673,.815,.556,.000,.750,,0.714,0.0,0.269,13,0.0,,0,0,
409,Matt Bonner,35.0,SAS,C,30,2,206.0,0.509,19.2,0.404,0.123,0.105,0.07,0.105,0.596,.609,.429,.833,.750,.500,.441,0.714,1.0,0.0,0,0.147,.400,1,0,
410,Michael Kidd-Gilchrist,22.0,CHO,SF,7,7,205.0,0.541,6.8,0.885,0.574,0.131,0.082,0.098,0.115,.556,.657,.250,.400,.500,.429,0.533,1.0,0.082,5,0.429,.333,0,0,
411,Lou Amundson,33.0,NYK,PF,29,0,204.0,0.358,4.8,1.0,0.566,0.226,0.113,0.094,0.0,.358,.533,.167,.000,.200,,0.632,0.0,0.038,2,0.0,,0,0,
412,James Young,20.0,BOS,SG,29,0,199.0,0.306,20.2,0.278,0.139,0.056,0.083,0.0,0.722,.500,.400,1.000,.333,,.231,0.6,1.0,0.0,0,0.423,.091,2,0,
413,Jordan McRae,24.0,2TM,PG,22,1,195.0,0.436,12.8,0.718,0.295,0.141,0.179,0.103,0.282,.429,.609,.182,.429,.250,.455,0.208,0.5,0.026,2,0.227,.400,0,0,
413,Jordan McRae,24.0,PHO,PG,7,0,82.0,0.423,14.6,0.577,0.308,0.038,0.115,0.115,0.423,.533,.625,.000,.667,.333,.273,0.25,0.667,0.077,2,0.273,.333,0,0,
413,Jordan McRae,24.0,CLE,PG,15,1,113.0,0.442,11.0,0.788,0.288,0.192,0.212,0.096,0.212,.390,.600,.200,.364,.200,.636,0.188,0.429,0.0,0,0.182,.500,0,0,
414,Greg Smith,25.0,MIN,PF,18,0,192.0,0.563,1.4,1.0,0.844,0.156,0.0,0.0,0.0,.563,.593,.400,,,,0.778,0.0,0.219,5,0.0,,0,0,
415,Alan Anderson,33.0,WAS,SG,13,0,192.0,0.356,18.7,0.373,0.153,0.085,0.102,0.034,0.627,.409,.556,.200,.333,.500,.324,0.333,1.0,0.0,0,0.216,.375,1,0,
416,Caron Butler,35.0,SAC,SF,17,1,176.0,0.424,18.8,0.695,0.034,0.051,0.153,0.458,0.305,.537,.500,.667,.667,.481,.167,0.636,1.0,0.0,0,0.278,.200,1,0,
417,Elijah Millsap,28.0,UTA,SG,20,0,173.0,0.282,9.4,0.692,0.513,0.128,0.0,0.051,0.308,.370,.500,.000,,.000,.083,0.5,1.0,0.026,0,0.5,.167,0,0,
418,Briante Weber,23.0,2TM,PG,7,4,169.0,0.359,9.2,0.872,0.103,0.256,0.231,0.282,0.128,.412,.750,.200,.333,.545,.000,0.214,0.0,0.0,0,0.0,,0,0,
418,Briante Weber,23.0,MEM,PG,6,4,166.0,0.342,13.4,0.868,0.105,0.237,0.237,0.289,0.132,.394,.750,.111,.333,.545,.000,0.231,0.0,0.0,0,0.0,,0,0,
418,Briante Weber,23.0,MIA,PG,1,0,3.0,1.0,5.0,1.0,0.0,1.0,0.0,0.0,0.0,1.000,,1.000,,,,0.0,0.0,0.0,0,0.0,,0,0,
419,C.J. Wilcox,25.0,LAC,SG,23,0,167.0,0.394,16.9,0.652,0.152,0.061,0.091,0.348,0.348,.395,.700,.000,.333,.348,.391,0.647,0.889,0.015,1,0.13,1.000,0,0,
420,Spencer Dinwiddie,22.0,DET,PG,12,0,159.0,0.352,9.9,0.815,0.333,0.185,0.148,0.13,0.185,.409,.611,.100,.375,.429,.100,0.111,0.0,0.019,1,0.0,,0,0,
421,Chris Copeland,31.0,MIL,PF,24,1,156.0,0.333,19.2,0.294,0.137,0.078,0.02,0.059,0.706,.467,.714,.500,.000,.000,.278,0.571,1.0,0.0,0,0.222,.125,0,0,
422,Damien Inglis,20.0,MIL,SF,20,1,156.0,0.351,13.7,0.649,0.351,0.081,0.135,0.081,0.351,.417,.615,.333,.200,.000,.231,0.7,0.667,0.054,2,0.385,.400,1,0,
423,Nikola Peković,30.0,MIN,C,12,3,156.0,0.38,4.5,1.0,0.36,0.6,0.04,0.0,0.0,.380,.500,.300,.500,,,0.842,0.0,0.0,0,0.0,,0,0,
424,Cleanthony Early,24.0,NYK,SF,17,2,154.0,0.3,15.3,0.625,0.25,0.075,0.025,0.275,0.375,.320,.500,.333,.000,.182,.267,0.625,1.0,0.0,0,0.4,.000,0,0,
425,Jarell Eddie,24.0,WAS,SF,26,0,147.0,0.308,22.1,0.277,0.046,0.077,0.031,0.123,0.723,.278,.000,.200,.000,.500,.319,0.8,0.933,0.0,0,0.213,.300,1,0,
426,Christian Wood,20.0,PHI,PF,17,0,145.0,0.415,9.0,0.792,0.453,0.17,0.075,0.094,0.208,.429,.625,.111,.500,.000,.364,0.667,0.75,0.151,6,0.182,.500,0,0,
427,Tony Wroten,22.0,PHI,PG,8,3,144.0,0.338,8.4,0.738,0.569,0.123,0.031,0.015,0.262,.396,.486,.000,.000,1.000,.176,0.158,1.0,0.0,0,0.059,.000,0,0,
428,Pat Connaughton,23.0,POR,SG,34,0,143.0,0.265,14.2,0.571,0.286,0.122,0.061,0.102,0.429,.286,.429,.167,.000,.200,.238,0.5,0.8,0.0,0,0.143,.000,0,0,
429,Chris Kaman,33.0,POR,C,16,2,112.0,0.465,12.3,0.907,0.209,0.14,0.186,0.372,0.093,.487,.556,.667,.250,.500,.250,0.737,1.0,0.0,0,0.25,.000,0,0,
430,Jeff Ayres,28.0,LAC,C,17,0,107.0,0.522,6.7,0.957,0.478,0.217,0.13,0.13,0.043,.545,.636,.000,1.000,.667,.000,0.75,0.0,0.087,1,0.0,,0,0,
431,Cameron Bairstow,25.0,CHI,C,18,2,103.0,0.325,10.3,0.875,0.275,0.25,0.15,0.2,0.125,.343,.273,.300,.500,.375,.200,0.667,1.0,0.0,0,0.6,.333,0,0,
432,Orlando Johnson,26.0,2TM,SG,7,1,101.0,0.265,12.6,0.706,0.382,0.088,0.059,0.176,0.294,.292,.385,.333,.000,.167,.200,0.571,1.0,0.0,0,0.5,.400,0,0,
432,Orlando Johnson,26.0,PHO,SG,2,0,47.0,0.294,11.9,0.706,0.471,0.059,0.059,0.118,0.294,.333,.500,.000,.000,.000,.200,0.5,1.0,0.0,0,0.6,.333,0,0,
432,Orlando Johnson,26.0,NOP,SG,5,1,54.0,0.235,13.3,0.706,0.294,0.118,0.059,0.235,0.294,.250,.200,.500,.000,.250,.200,0.667,1.0,0.0,0,0.4,.500,0,0,
433,Joel Anthony,33.0,DET,C,19,0,96.0,0.6,4.4,1.0,0.5,0.2,0.3,0.0,0.0,.600,.800,.000,.667,,,0.667,0.0,0.2,2,0.0,,0,0,
434,Sasha Kaun,30.0,CLE,C,25,0,95.0,0.529,2.1,1.0,0.765,0.235,0.0,0.0,0.0,.529,.692,.000,,,,0.667,0.0,0.059,1,0.0,,0,0,
435,Aaron Harrison,21.0,CHO,SG,21,0,93.0,0.263,17.2,0.474,0.211,0.053,0.0,0.211,0.526,.222,.500,.000,,.000,.300,1.0,0.667,0.0,0,0.4,.250,0,0,
436,Anthony Bennett,22.0,TOR,PF,19,0,84.0,0.296,14.7,0.481,0.296,0.074,0.074,0.0,0.519,.385,.625,.000,.000,,.214,0.2,1.0,0.074,2,0.286,.500,0,0,
437,Tibor Pleiß,26.0,UTA,C,12,0,82.0,0.44,6.1,0.92,0.52,0.24,0.04,0.12,0.08,.478,.462,.167,1.000,1.000,.000,0.909,0.0,0.12,3,0.5,.000,0,0,
438,Edy Tavares,23.0,ATL,C,11,0,73.0,0.579,2.8,1.0,0.737,0.158,0.053,0.053,0.0,.579,.714,.333,.000,.000,,0.636,0.0,0.316,5,0.0,,0,0,
439,Alex Stepheson,28.0,2TM,PF,8,0,73.0,0.333,2.1,1.0,0.556,0.296,0.111,0.037,0.0,.333,.467,.125,.333,.000,,0.333,0.0,0.0,0,0.0,,0,0,
439,Alex Stepheson,28.0,LAC,PF,4,0,12.0,1.0,0.0,1.0,1.0,0.0,0.0,0.0,0.0,1.000,1.000,,,,,0.0,0.0,0.0,0,0.0,,0,0,
439,Alex Stepheson,28.0,MEM,PF,4,0,61.0,0.308,4.2,1.0,0.538,0.308,0.115,0.038,0.0,.308,.429,.125,.333,.000,,0.375,0.0,0.0,0,0.0,,0,0,
440,Mitch McGary,23.0,OKC,PF,20,0,72.0,0.478,10.1,0.826,0.391,0.13,0.087,0.217,0.174,.579,.667,.333,.500,.600,.000,0.545,0.0,0.087,2,0.5,.000,0,0,
441,Alan Williams,23.0,PHO,PF,10,0,68.0,0.417,2.9,1.0,0.583,0.375,0.042,0.0,0.0,.417,.429,.444,.000,,,0.5,0.0,0.0,0,0.0,,0,0,
442,Russ Smith,24.0,MEM,PG,15,0,66.0,0.318,8.6,0.773,0.455,0.227,0.045,0.045,0.227,.353,.500,.000,.000,1.000,.200,0.167,1.0,0.045,1,0.2,1.000,0,0,
443,Jorge Gutiérrez,27.0,CHO,PG,12,0,63.0,0.545,12.5,0.818,0.273,0.091,0.091,0.364,0.182,.667,1.000,1.000,.000,.500,.000,0.167,0.0,0.0,0,0.5,.000,0,0,
444,Lorenzo Brown,25.0,PHO,PG,8,0,61.0,0.32,15.8,0.68,0.2,0.08,0.16,0.24,0.32,.412,.600,.500,.250,.333,.125,0.286,1.0,0.0,0,0.0,,1,0,
445,Jordan Mickey,21.0,BOS,PF,16,0,57.0,0.364,3.7,1.0,0.682,0.136,0.091,0.091,0.0,.364,.467,.000,.500,.000,,0.5,0.0,0.136,2,0.0,,0,0,
446,Josh Huestis,24.0,OKC,PF,5,0,55.0,0.417,17.4,0.5,0.083,0.167,0.083,0.167,0.5,.167,1.000,.000,.000,.000,.667,1.0,1.0,0.083,1,0.333,.500,0,0,
447,Andrew Goudelock,27.0,HOU,PG,8,0,50.0,0.45,18.0,0.55,0.0,0.2,0.15,0.2,0.45,.727,,.500,1.000,.750,.111,0.125,0.0,0.0,0,0.222,.000,0,0,
448,Cory Jefferson,25.0,PHO,PF,8,0,50.0,0.409,5.2,0.955,0.591,0.227,0.045,0.091,0.045,.429,.615,.000,1.000,.000,.000,0.778,0.0,0.227,5,0.0,,0,0,
449,Eric Moreland,24.0,SAC,PF,8,0,48.0,0.5,2.5,1.0,0.5,0.5,0.0,0.0,0.0,.500,1.000,.000,,,,1.0,0.0,0.333,2,0.0,,0,0,
450,Elliot Williams,26.0,MEM,PG,5,0,45.0,0.2,19.0,0.6,0.0,0.1,0.0,0.5,0.4,.167,,.000,,.200,.250,1.0,0.0,0.0,0,0.25,.000,0,0,
451,Steve Novak,32.0,2TM,PF,10,0,44.0,0.444,23.6,0.167,0.0,0.0,0.056,0.111,0.833,.333,,,1.000,.000,.467,0.0,1.0,0.0,0,0.4,.667,0,0,
451,Steve Novak,32.0,OKC,PF,7,0,24.0,0.5,22.3,0.25,0.0,0.0,0.083,0.167,0.75,.333,,,1.000,.000,.556,0.0,1.0,0.0,0,0.556,.600,0,0,
451,Steve Novak,32.0,MIL,PF,3,0,20.0,0.333,25.0,0.0,0.0,0.0,0.0,0.0,1.0,,,,,,.333,0.0,1.0,0.0,0,0.167,1.000,0,0,
452,Bruno Caboclo,20.0,TOR,SF,6,1,43.0,0.083,18.9,0.417,0.0,0.167,0.083,0.167,0.583,.000,,.000,.000,.000,.143,0.0,1.0,0.0,0,0.714,.200,0,0,
453,Jodie Meeks,28.0,DET,SG,3,0,43.0,0.35,15.6,0.55,0.15,0.15,0.15,0.1,0.45,.273,.333,.000,.667,.000,.444,1.0,0.5,0.0,0,0.222,.000,0,0,
454,Luis Montero,22.0,POR,SG,12,0,42.0,0.263,18.3,0.526,0.211,0.105,0.0,0.211,0.474,.400,.500,.000,,.500,.111,0.25,0.0,0.0,0,0.111,.000,1,0,
455,Dahntay Jones,35.0,CLE,SF,1,0,42.0,0.429,11.1,0.857,0.286,0.214,0.143,0.214,0.143,.417,.000,.667,.500,.667,.500,0.4,1.0,0.0,0,0.5,1.000,0,0,
456,Erick Green,24.0,2TM,PG,9,0,42.0,0.385,20.5,0.615,0.0,0.154,0.154,0.308,0.385,.500,,.500,.500,.500,.200,0.0,1.0,0.0,0,0.0,,0,0,
456,Erick Green,24.0,DEN,PG,3,0,7.0,0.0,24.0,0.0,0.0,0.0,0.0,0.0,1.0,,,,,,.000,0.0,0.0,0.0,0,0.0,,0,0,
456,Erick Green,24.0,UTA,PG,6,0,35.0,0.417,17.0,0.667,0.0,0.167,0.167,0.333,0.333,.500,,.500,.500,.500,.250,0.0,1.0,0.0,0,0.0,,0,0,
457,Shayne Whittington,24.0,IND,PF,7,0,41.0,0.455,7.1,0.818,0.636,0.091,0.0,0.091,0.182,.556,.714,.000,,.000,.000,0.4,0.0,0.0,0,0.0,,0,0,
458,Bryce Cotton,23.0,2TM,PG,8,0,39.0,0.4,15.9,0.7,0.1,0.2,0.0,0.4,0.3,.571,.000,.500,,.750,.000,0.25,0.0,0.0,0,0.0,,0,0,
458,Bryce Cotton,23.0,PHO,PG,3,0,33.0,0.25,15.3,0.625,0.125,0.25,0.0,0.25,0.375,.400,.000,.500,,.500,.000,0.5,0.0,0.0,0,0.0,,0,0,
458,Bryce Cotton,23.0,MEM,PG,5,0,6.0,1.0,16.5,1.0,0.0,0.0,0.0,1.0,0.0,1.000,,,,1.000,,0.0,0.0,0.0,0,0.0,,0,0,
459,Cliff Alexander,20.0,POR,PF,8,0,36.0,0.5,7.4,1.0,0.4,0.3,0.1,0.2,0.0,.500,1.000,.000,.000,.500,,0.4,0.0,0.2,2,0.0,,0,0,
460,Justin Harper,26.0,DET,PF,5,0,35.0,0.4,24.5,0.1,0.0,0.0,0.0,0.1,0.9,.000,,,,.000,.444,0.0,1.0,0.0,0,0.0,,0,0,
461,Branden Dawson,22.0,LAC,PF,6,0,29.0,0.4,2.8,1.0,0.6,0.4,0.0,0.0,0.0,.400,.333,.500,,,,0.5,0.0,0.0,0,0.0,,0,0,
462,Keith Appling,23.0,ORL,PG,5,0,27.0,0.25,14.9,0.625,0.25,0.0,0.125,0.25,0.375,.400,1.000,,.000,.000,.000,0.0,0.0,0.0,0,0.667,.000,0,0,
463,Chuck Hayes,32.0,HOU,C,2,0,24.0,0.5,5.0,1.0,0.5,0.5,0.0,0.0,0.0,.500,1.000,.000,,,,1.0,0.0,0.0,0,0.0,,0,0,
464,Duje Dukan,24.0,SAC,SF,1,0,24.0,0.2,20.4,0.5,0.0,0.1,0.0,0.4,0.5,.000,,.000,,.000,.400,0.0,1.0,0.0,0,0.4,.000,0,0,
465,Nate Robinson,31.0,NOP,PG,2,1,23.0,0.0,24.0,0.0,0.0,0.0,0.0,0.0,1.0,,,,,,.000,0.0,0.0,0.0,0,0.0,,0,0,
466,Kevon Looney,19.0,GSW,PF,5,0,21.0,0.571,12.1,0.714,0.286,0.143,0.286,0.0,0.286,.600,1.000,.000,.500,,.500,0.333,1.0,0.143,1,0.0,,0,0,
467,Nazr Mohammed,38.0,OKC,C,5,0,19.0,0.6,10.0,1.0,0.4,0.0,0.2,0.4,0.0,.600,1.000,,1.000,.000,,0.333,0.0,0.0,0,0.0,,0,0,
468,Jarnell Stokes,22.0,2TM,C,7,0,18.0,0.6,8.2,1.0,0.4,0.2,0.0,0.4,0.0,.600,1.000,1.000,,.000,,0.667,0.0,0.0,0,0.0,,0,0,
468,Jarnell Stokes,22.0,MEM,C,2,0,4.0,0.0,0.0,0.0,0.0,0.0,0.0,0.0,0.0,,,,,,,0.0,0.0,0.0,0,0.0,,0,0,
468,Jarnell Stokes,22.0,MIA,C,5,0,14.0,0.6,8.2,1.0,0.4,0.2,0.0,0.4,0.0,.600,1.000,1.000,,.000,,0.667,0.0,0.0,0,0.0,,0,0,
469,Jimmer Fredette,26.0,2TM,SG,6,0,18.0,0.4,18.0,0.6,0.2,0.4,0.0,0.0,0.4,.333,1.000,.000,,,.500,1.0,1.0,0.0,0,0.0,,0,0,
469,Jimmer Fredette,26.0,NOP,SG,4,0,13.0,0.25,11.0,0.75,0.25,0.5,0.0,0.0,0.25,.333,1.000,.000,,,.000,1.0,0.0,0.0,0,0.0,,0,0,
469,Jimmer Fredette,26.0,NYK,SG,2,0,5.0,1.0,25.0,0.0,0.0,0.0,0.0,0.0,1.0,,,,,,1.000,0.0,1.0,0.0,0,0.0,,0,0,
470,Joe Harris,24.0,CLE,SG,5,0,15.0,0.25,25.0,0.0,0.0,0.0,0.0,0.0,1.0,,,,,,.250,0.0,1.0,0.0,0,0.25,1.000,0,0,
471,Jordan Adams,21.0,MEM,SG,2,0,15.0,0.333,10.8,0.833,0.333,0.0,0.5,0.0,0.167,.400,.500,,.333,,.000,0.5,0.0,0.0,0,0.0,,0,0,
472,Coty Clarke,23.0,BOS,SF,3,0,6.0,0.5,17.0,0.5,0.0,0.25,0.0,0.25,0.5,.000,,.000,,.000,1.000,0.0,1.0,0.0,0,0.5,1.000,0,0,
473,Sam Dekker,21.0,HOU,PF,3,0,6.0,0.0,0.0,0.0,0.0,0.0,0.0,0.0,0.0,,,,,,,0.0,0.0,0.0,0,0.0,,0,0,
474,Thanasis Antetokounmpo,23.0,NYK,SF,2,0,6.0,0.75,7.0,0.75,0.75,0.0,0.0,0.0,0.25,1.000,1.000,,,,.000,0.333,0.0,0.5,2,0.0,,0,0,
475,J.J. O'Brien,23.0,UTA,SF,2,0,6.0,0.0,9.0,1.0,0.0,1.0,0.0,0.0,0.0,.000,,.000,,,,0.0,0.0,0.0,0,0.0,,0,0,
476,Rakeem Christmas,24.0,IND,PF,1,0,6.0,1.0,0.5,1.0,1.0,0.0,0.0,0.0,0.0,1.000,1.000,,,,,1.0,0.0,0.0,0,0.0,,0,0,
,League Average,0.0,,,,,0.0,0.452,12.2,0.715,0.293,0.158,0.103,0.162,0.285,.491,.624,.396,.405,.398,.354,0.51,0.836,0.048,,0.248,.377,,,
